asset,category,hypothesis,group,oos_verdict,robustness,pf_degradation,period,regime,n_trades,pf,sharpe,win_rate,expectancy,max_dd
EURUSD,forex,MR_BB_Stretch,mean_reversion,OOS_PASS,0.7148,-0.1305,test,HIGH_VOLATILITY,128,1.5943,0.2007,0.4297,5.7843,236.11
EURUSD,forex,MR_BB_Stretch,mean_reversion,OOS_PASS,0.7148,-0.1305,test,LOW_VOLATILITY,57,0.9793,-0.0087,0.2982,-0.1409,141.58
EURUSD,forex,MR_BB_Stretch,mean_reversion,OOS_PASS,0.7148,-0.1305,test,MEAN_REVERTING,34,1.2893,0.1141,0.3824,2.2256,61.14
EURUSD,forex,MR_BB_Stretch,mean_reversion,OOS_PASS,0.7148,-0.1305,test,TRENDING,234,1.0864,0.0359,0.3675,0.8386,324.18
EURUSD,forex,MR_BB_Stretch,mean_reversion,OOS_PASS,0.7148,-0.1305,oos,HIGH_VOLATILITY,136,0.9628,-0.0166,0.3015,-0.3674,209.39
EURUSD,forex,MR_BB_Stretch,mean_reversion,OOS_PASS,0.7148,-0.1305,oos,LOW_VOLATILITY,55,1.086,0.0376,0.3636,0.5145,54.22
EURUSD,forex,MR_BB_Stretch,mean_reversion,OOS_PASS,0.7148,-0.1305,oos,MEAN_REVERTING,80,0.8424,-0.0759,0.275,-1.2687,237.85
EURUSD,forex,MR_BB_Stretch,mean_reversion,OOS_PASS,0.7148,-0.1305,oos,TRENDING,312,1.2123,0.0874,0.3814,1.5633,128.88
EURUSD,forex,MR_EMA_Dist,mean_reversion,OOS_PASS,0.7618,-0.1153,test,HIGH_VOLATILITY,169,1.5758,0.1976,0.426,5.6662,216.68
EURUSD,forex,MR_EMA_Dist,mean_reversion,OOS_PASS,0.7618,-0.1153,test,LOW_VOLATILITY,70,0.9194,-0.0355,0.3,-0.5473,145.19
EURUSD,forex,MR_EMA_Dist,mean_reversion,OOS_PASS,0.7618,-0.1153,test,MEAN_REVERTING,43,1.0603,0.0266,0.3488,0.5056,74.08
EURUSD,forex,MR_EMA_Dist,mean_reversion,OOS_PASS,0.7618,-0.1153,test,TRENDING,264,1.1053,0.0434,0.3712,0.9942,342.45
EURUSD,forex,MR_EMA_Dist,mean_reversion,OOS_PASS,0.7618,-0.1153,oos,HIGH_VOLATILITY,167,1.0833,0.0353,0.3353,0.7724,218.27
EURUSD,forex,MR_EMA_Dist,mean_reversion,OOS_PASS,0.7618,-0.1153,oos,LOW_VOLATILITY,63,0.9362,-0.0297,0.3175,-0.4017,104.04
EURUSD,forex,MR_EMA_Dist,mean_reversion,OOS_PASS,0.7618,-0.1153,oos,MEAN_REVERTING,99,0.8801,-0.0572,0.2929,-0.9512,289.51
EURUSD,forex,MR_EMA_Dist,mean_reversion,OOS_PASS,0.7618,-0.1153,oos,TRENDING,385,1.1878,0.0771,0.3636,1.4022,142.74
EURUSD,forex,MR_RSI_Exhaust,mean_reversion,PASS,0.8278,-0.2108,test,HIGH_VOLATILITY,93,1.9293,0.2892,0.5054,8.5077,196.2
EURUSD,forex,MR_RSI_Exhaust,mean_reversion,PASS,0.8278,-0.2108,test,LOW_VOLATILITY,61,1.669,0.2252,0.4754,3.7033,89.7
EURUSD,forex,MR_RSI_Exhaust,mean_reversion,PASS,0.8278,-0.2108,test,MEAN_REVERTING,39,0.8192,-0.0868,0.2564,-1.7782,188.32
EURUSD,forex,MR_RSI_Exhaust,mean_reversion,PASS,0.8278,-0.2108,test,TRENDING,210,1.1888,0.0729,0.3762,1.7707,259.08
EURUSD,forex,MR_RSI_Exhaust,mean_reversion,PASS,0.8278,-0.2108,oos,HIGH_VOLATILITY,97,1.0352,0.0152,0.3196,0.3509,188.23
EURUSD,forex,MR_RSI_Exhaust,mean_reversion,PASS,0.8278,-0.2108,oos,LOW_VOLATILITY,49,1.2844,0.1154,0.4082,1.4543,82.97
EURUSD,forex,MR_RSI_Exhaust,mean_reversion,PASS,0.8278,-0.2108,oos,MEAN_REVERTING,66,1.0403,0.0177,0.3333,0.3091,129.58
EURUSD,forex,MR_RSI_Exhaust,mean_reversion,PASS,0.8278,-0.2108,oos,TRENDING,262,1.0919,0.0398,0.3588,0.7104,169.21
EURUSD,forex,TF_EMA_Slope,trend_follow,FAIL,0.2499,0.2825,test,HIGH_VOLATILITY,151,1.0442,0.0197,0.4106,0.6718,469.91
EURUSD,forex,TF_EMA_Slope,trend_follow,FAIL,0.2499,0.2825,test,LOW_VOLATILITY,42,1.2838,0.1133,0.4524,2.3712,154.43
EURUSD,forex,TF_EMA_Slope,trend_follow,FAIL,0.2499,0.2825,test,MEAN_REVERTING,36,0.7969,-0.1054,0.3333,-2.9461,190.26
EURUSD,forex,TF_EMA_Slope,trend_follow,FAIL,0.2499,0.2825,test,TRENDING,237,0.7786,-0.1116,0.3207,-3.363,784.71
EURUSD,forex,TF_EMA_Slope,trend_follow,FAIL,0.2499,0.2825,oos,HIGH_VOLATILITY,140,1.1954,0.0839,0.45,2.5144,231.62
EURUSD,forex,TF_EMA_Slope,trend_follow,FAIL,0.2499,0.2825,oos,LOW_VOLATILITY,36,0.6523,-0.2035,0.3056,-3.3756,150.14
EURUSD,forex,TF_EMA_Slope,trend_follow,FAIL,0.2499,0.2825,oos,MEAN_REVERTING,59,1.4027,0.1561,0.4407,3.7236,110.14
EURUSD,forex,TF_EMA_Slope,trend_follow,FAIL,0.2499,0.2825,oos,TRENDING,288,1.1348,0.0586,0.4097,1.5048,246.87
EURUSD,forex,TF_Momentum,trend_follow,FAIL,0.1718,0.3257,test,HIGH_VOLATILITY,144,0.7469,-0.1317,0.3333,-4.2151,863.26
EURUSD,forex,TF_Momentum,trend_follow,FAIL,0.1718,0.3257,test,LOW_VOLATILITY,45,1.3677,0.1362,0.4222,2.8889,87.91
EURUSD,forex,TF_Momentum,trend_follow,FAIL,0.1718,0.3257,test,MEAN_REVERTING,34,0.752,-0.1341,0.3235,-3.4406,190.4
EURUSD,forex,TF_Momentum,trend_follow,FAIL,0.1718,0.3257,test,TRENDING,252,0.7975,-0.0994,0.3214,-3.0614,785.47
EURUSD,forex,TF_Momentum,trend_follow,FAIL,0.1718,0.3257,oos,HIGH_VOLATILITY,146,1.0845,0.0383,0.4315,1.1401,395.11
EURUSD,forex,TF_Momentum,trend_follow,FAIL,0.1718,0.3257,oos,LOW_VOLATILITY,28,0.4962,-0.3378,0.25,-5.9025,148.42
EURUSD,forex,TF_Momentum,trend_follow,FAIL,0.1718,0.3257,oos,MEAN_REVERTING,74,1.1726,0.0741,0.4054,1.7568,195.45
EURUSD,forex,TF_Momentum,trend_follow,FAIL,0.1718,0.3257,oos,TRENDING,301,1.0916,0.0406,0.3953,1.0148,264.66
EURUSD,forex,TF_Breakout_20,trend_follow,FAIL,0.2577,0.1432,test,HIGH_VOLATILITY,113,0.6785,-0.1765,0.3186,-5.7535,866.39
EURUSD,forex,TF_Breakout_20,trend_follow,FAIL,0.2577,0.1432,test,LOW_VOLATILITY,41,1.1393,0.0571,0.3902,1.3041,85.75
EURUSD,forex,TF_Breakout_20,trend_follow,FAIL,0.2577,0.1432,test,MEAN_REVERTING,21,0.8107,-0.0968,0.3333,-2.4252,155.78
EURUSD,forex,TF_Breakout_20,trend_follow,FAIL,0.2577,0.1432,test,TRENDING,178,0.8117,-0.0923,0.3258,-2.7172,537.4
EURUSD,forex,TF_Breakout_20,trend_follow,FAIL,0.2577,0.1432,oos,HIGH_VOLATILITY,96,0.9498,-0.0241,0.3958,-0.6878,342.11
EURUSD,forex,TF_Breakout_20,trend_follow,FAIL,0.2577,0.1432,oos,LOW_VOLATILITY,25,1.1351,0.058,0.4,1.1232,53.84
EURUSD,forex,TF_Breakout_20,trend_follow,FAIL,0.2577,0.1432,oos,MEAN_REVERTING,54,1.2674,0.1094,0.4259,2.5667,109.84
EURUSD,forex,TF_Breakout_20,trend_follow,FAIL,0.2577,0.1432,oos,TRENDING,236,0.7897,-0.1097,0.322,-2.5969,766.45
EURUSD,forex,VOL_ATR_Expand,volatility,DEGRADED,0.234,-0.2142,test,HIGH_VOLATILITY,60,1.0757,0.032,0.3333,0.9497,240.11
EURUSD,forex,VOL_ATR_Expand,volatility,DEGRADED,0.234,-0.2142,oos,HIGH_VOLATILITY,48,0.8453,-0.0774,0.3333,-1.9069,214.65
EURUSD,forex,VOL_Range_Bkout,volatility,FAIL,0.2421,0.269,test,HIGH_VOLATILITY,32,0.725,-0.1434,0.2812,-2.3231,159.7
EURUSD,forex,VOL_Range_Bkout,volatility,FAIL,0.2421,0.269,test,LOW_VOLATILITY,166,0.927,-0.0327,0.2831,-0.5201,274.74
EURUSD,forex,VOL_Range_Bkout,volatility,FAIL,0.2421,0.269,oos,HIGH_VOLATILITY,31,1.3396,0.1162,0.2903,1.949,67.43
EURUSD,forex,VOL_Range_Bkout,volatility,FAIL,0.2421,0.269,oos,LOW_VOLATILITY,125,1.0796,0.0338,0.312,0.4846,118.19
GOLD,commodity,MR_BB_Stretch,mean_reversion,FAIL,0.2389,0.0913,test,HIGH_VOLATILITY,153,1.0282,0.0116,0.3399,1.8937,1927.17
GOLD,commodity,MR_BB_Stretch,mean_reversion,FAIL,0.2389,0.0913,test,LOW_VOLATILITY,20,1.7696,0.2571,0.5,22.9065,191.28
GOLD,commodity,MR_BB_Stretch,mean_reversion,FAIL,0.2389,0.0913,test,MEAN_REVERTING,22,1.0111,0.0044,0.3182,0.9323,857.21
GOLD,commodity,MR_BB_Stretch,mean_reversion,FAIL,0.2389,0.0913,test,TRENDING,215,0.802,-0.0944,0.2977,-12.4988,4606.13
GOLD,commodity,MR_BB_Stretch,mean_reversion,FAIL,0.2389,0.0913,oos,HIGH_VOLATILITY,187,0.9083,-0.0346,0.2781,-13.1054,4470.57
GOLD,commodity,MR_BB_Stretch,mean_reversion,FAIL,0.2389,0.0913,oos,LOW_VOLATILITY,28,1.1853,0.0497,0.25,19.0861,1461.29
GOLD,commodity,MR_BB_Stretch,mean_reversion,FAIL,0.2389,0.0913,oos,MEAN_REVERTING,14,1.205,0.0691,0.3571,21.1436,1117.29
GOLD,commodity,MR_BB_Stretch,mean_reversion,FAIL,0.2389,0.0913,oos,TRENDING,256,1.077,0.0287,0.3203,9.0995,3387.21
GOLD,commodity,MR_EMA_Dist,mean_reversion,FAIL,0.1916,0.1602,test,HIGH_VOLATILITY,172,1.0047,0.0019,0.3372,0.3095,2493.89
GOLD,commodity,MR_EMA_Dist,mean_reversion,FAIL,0.1916,0.1602,test,LOW_VOLATILITY,16,1.09,0.0377,0.375,3.4594,219.5
GOLD,commodity,MR_EMA_Dist,mean_reversion,FAIL,0.1916,0.1602,test,MEAN_REVERTING,26,1.2965,0.1075,0.4231,23.0031,857.21
GOLD,commodity,MR_EMA_Dist,mean_reversion,FAIL,0.1916,0.1602,test,TRENDING,277,0.7117,-0.1455,0.296,-19.7924,6061.05
GOLD,commodity,MR_EMA_Dist,mean_reversion,FAIL,0.1916,0.1602,oos,HIGH_VOLATILITY,221,0.9742,-0.0095,0.3077,-3.7005,6342.3
GOLD,commodity,MR_EMA_Dist,mean_reversion,FAIL,0.1916,0.1602,oos,LOW_VOLATILITY,33,0.397,-0.3915,0.2121,-69.1455,2386.37
GOLD,commodity,MR_EMA_Dist,mean_reversion,FAIL,0.1916,0.1602,oos,MEAN_REVERTING,17,1.01,0.0039,0.3529,1.2365,1388.14
GOLD,commodity,MR_EMA_Dist,mean_reversion,FAIL,0.1916,0.1602,oos,TRENDING,307,1.0673,0.0247,0.3127,8.183,4668.31
GOLD,commodity,MR_RSI_Exhaust,mean_reversion,FAIL,0.2046,0.2935,test,HIGH_VOLATILITY,116,0.9962,-0.0015,0.319,-0.2966,1766.57
GOLD,commodity,MR_RSI_Exhaust,mean_reversion,FAIL,0.2046,0.2935,test,LOW_VOLATILITY,33,0.6696,-0.1794,0.2727,-14.0742,481.59
GOLD,commodity,MR_RSI_Exhaust,mean_reversion,FAIL,0.2046,0.2935,test,MEAN_REVERTING,26,1.205,0.0766,0.3846,16.6404,671.85
GOLD,commodity,MR_RSI_Exhaust,mean_reversion,FAIL,0.2046,0.2935,test,TRENDING,197,0.6904,-0.1467,0.264,-22.7677,5462.34
GOLD,commodity,MR_RSI_Exhaust,mean_reversion,FAIL,0.2046,0.2935,oos,HIGH_VOLATILITY,152,0.9681,-0.0118,0.3224,-4.8414,3977.37
GOLD,commodity,MR_RSI_Exhaust,mean_reversion,FAIL,0.2046,0.2935,oos,LOW_VOLATILITY,31,0.8655,-0.0571,0.3226,-15.4203,2180.81
GOLD,commodity,MR_RSI_Exhaust,mean_reversion,FAIL,0.2046,0.2935,oos,MEAN_REVERTING,20,1.0961,0.035,0.35,11.376,1388.14
GOLD,commodity,MR_RSI_Exhaust,mean_reversion,FAIL,0.2046,0.2935,oos,TRENDING,254,1.1828,0.0647,0.3386,21.2674,3360.92
GOLD,commodity,TF_EMA_Slope,trend_follow,OOS_PASS,0.478,-0.0112,test,HIGH_VOLATILITY,153,0.958,-0.0176,0.3791,-4.3163,2024.07
GOLD,commodity,TF_EMA_Slope,trend_follow,OOS_PASS,0.478,-0.0112,test,LOW_VOLATILITY,15,0.8249,-0.0876,0.3333,-8.834,345.33
GOLD,commodity,TF_EMA_Slope,trend_follow,OOS_PASS,0.478,-0.0112,test,MEAN_REVERTING,13,2.5551,0.3834,0.5385,104.9292,463.82
GOLD,commodity,TF_EMA_Slope,trend_follow,OOS_PASS,0.478,-0.0112,test,TRENDING,191,1.2958,0.1096,0.4398,23.9483,2046.72
GOLD,commodity,TF_EMA_Slope,trend_follow,OOS_PASS,0.478,-0.0112,oos,HIGH_VOLATILITY,171,1.0346,0.0128,0.3977,7.6791,9588.53
GOLD,commodity,TF_EMA_Slope,trend_follow,OOS_PASS,0.478,-0.0112,oos,LOW_VOLATILITY,14,1.5791,0.1688,0.3571,70.4314,994.46
GOLD,commodity,TF_EMA_Slope,trend_follow,OOS_PASS,0.478,-0.0112,oos,MEAN_REVERTING,9,1.1084,0.0401,0.3333,18.6211,1347.22
GOLD,commodity,TF_EMA_Slope,trend_follow,OOS_PASS,0.478,-0.0112,oos,TRENDING,253,1.2276,0.0825,0.419,36.9987,3004.39
GOLD,commodity,TF_Momentum,trend_follow,OOS_PASS,0.8702,-0.1068,test,HIGH_VOLATILITY,152,0.9786,-0.0089,0.3947,-2.2422,2213.86
GOLD,commodity,TF_Momentum,trend_follow,OOS_PASS,0.8702,-0.1068,test,LOW_VOLATILITY,13,0.9928,-0.0033,0.3846,-0.3392,336.19
GOLD,commodity,TF_Momentum,trend_follow,OOS_PASS,0.8702,-0.1068,test,MEAN_REVERTING,16,2.7149,0.407,0.5625,103.4,262.5
GOLD,commodity,TF_Momentum,trend_follow,OOS_PASS,0.8702,-0.1068,test,TRENDING,195,1.3811,0.1324,0.4359,30.1859,1614.72
GOLD,commodity,TF_Momentum,trend_follow,OOS_PASS,0.8702,-0.1068,oos,HIGH_VOLATILITY,181,1.0451,0.0168,0.4033,9.743,8022.68
GOLD,commodity,TF_Momentum,trend_follow,OOS_PASS,0.8702,-0.1068,oos,LOW_VOLATILITY,13,0.7469,-0.1276,0.3846,-43.5454,937.29
GOLD,commodity,TF_Momentum,trend_follow,OOS_PASS,0.8702,-0.1068,oos,MEAN_REVERTING,11,0.77,-0.1059,0.3636,-56.5627,2137.0
GOLD,commodity,TF_Momentum,trend_follow,OOS_PASS,0.8702,-0.1068,oos,TRENDING,275,1.1605,0.0606,0.4182,26.8744,3457.77
GOLD,commodity,TF_Breakout_20,trend_follow,OOS_PASS,0.4034,-0.0288,test,HIGH_VOLATILITY,102,1.082,0.0322,0.4216,7.8255,2685.6
GOLD,commodity,TF_Breakout_20,trend_follow,OOS_PASS,0.4034,-0.0288,test,LOW_VOLATILITY,12,0.7872,-0.1105,0.3333,-10.5483,191.25
GOLD,commodity,TF_Breakout_20,trend_follow,OOS_PASS,0.4034,-0.0288,test,MEAN_REVERTING,7,2.2028,0.3313,0.5714,77.21,203.68
GOLD,commodity,TF_Breakout_20,trend_follow,OOS_PASS,0.4034,-0.0288,test,TRENDING,164,1.0404,0.0166,0.3902,3.6304,1896.71
GOLD,commodity,TF_Breakout_20,trend_follow,OOS_PASS,0.4034,-0.0288,oos,HIGH_VOLATILITY,135,1.2156,0.0744,0.4148,41.7751,5374.03
GOLD,commodity,TF_Breakout_20,trend_follow,OOS_PASS,0.4034,-0.0288,oos,LOW_VOLATILITY,14,1.4106,0.1498,0.5,53.3057,762.1
GOLD,commodity,TF_Breakout_20,trend_follow,OOS_PASS,0.4034,-0.0288,oos,MEAN_REVERTING,9,0.4456,-0.3406,0.3333,-137.0,1591.0
GOLD,commodity,TF_Breakout_20,trend_follow,OOS_PASS,0.4034,-0.0288,oos,TRENDING,198,0.9277,-0.0317,0.3889,-12.834,7706.49
GOLD,commodity,VOL_ATR_Expand,volatility,OOS_PASS,0.2515,0.0063,test,HIGH_VOLATILITY,37,1.0781,0.0331,0.4595,6.89,1179.87
GOLD,commodity,VOL_ATR_Expand,volatility,OOS_PASS,0.2515,0.0063,oos,HIGH_VOLATILITY,35,1.0849,0.0334,0.4,16.5217,2274.22
GOLD,commodity,VOL_Range_Bkout,volatility,FAIL,0.1953,0.9567,test,HIGH_VOLATILITY,35,0.3211,-0.5283,0.2,-47.8029,1798.99
GOLD,commodity,VOL_Range_Bkout,volatility,FAIL,0.1953,0.9567,test,LOW_VOLATILITY,52,0.9103,-0.0383,0.3077,-4.2881,597.79
GOLD,commodity,VOL_Range_Bkout,volatility,FAIL,0.1953,0.9567,oos,HIGH_VOLATILITY,25,0.8319,-0.0727,0.32,-17.9288,952.6
GOLD,commodity,VOL_Range_Bkout,volatility,FAIL,0.1953,0.9567,oos,LOW_VOLATILITY,50,1.4067,0.1293,0.38,40.8312,1587.22
NASDAQ,index,MR_BB_Stretch,mean_reversion,OOS_PASS,0.4189,-0.0317,test,HIGH_VOLATILITY,174,1.1262,0.0462,0.3793,6.8933,1331.98
NASDAQ,index,MR_BB_Stretch,mean_reversion,OOS_PASS,0.4189,-0.0317,test,LOW_VOLATILITY,58,1.2118,0.0822,0.3448,6.2521,419.61
NASDAQ,index,MR_BB_Stretch,mean_reversion,OOS_PASS,0.4189,-0.0317,test,MEAN_REVERTING,9,0.692,-0.1527,0.2222,-13.5167,240.62
NASDAQ,index,MR_BB_Stretch,mean_reversion,OOS_PASS,0.4189,-0.0317,test,TRENDING,198,0.9879,-0.0051,0.3384,-0.5895,1949.88
NASDAQ,index,MR_BB_Stretch,mean_reversion,OOS_PASS,0.4189,-0.0317,oos,HIGH_VOLATILITY,210,0.9241,-0.0346,0.3619,-4.0943,2643.02
NASDAQ,index,MR_BB_Stretch,mean_reversion,OOS_PASS,0.4189,-0.0317,oos,LOW_VOLATILITY,74,0.8565,-0.0703,0.3243,-4.63,750.31
NASDAQ,index,MR_BB_Stretch,mean_reversion,OOS_PASS,0.4189,-0.0317,oos,MEAN_REVERTING,18,1.262,0.1026,0.3889,13.3122,382.53
NASDAQ,index,MR_BB_Stretch,mean_reversion,OOS_PASS,0.4189,-0.0317,oos,TRENDING,247,1.1567,0.0626,0.3401,6.8231,1255.51
NASDAQ,index,MR_EMA_Dist,mean_reversion,OOS_PASS,0.3703,0.0204,test,HIGH_VOLATILITY,210,1.1256,0.0467,0.3714,6.847,1610.86
NASDAQ,index,MR_EMA_Dist,mean_reversion,OOS_PASS,0.3703,0.0204,test,LOW_VOLATILITY,70,1.1412,0.0559,0.3143,4.1666,512.98
NASDAQ,index,MR_EMA_Dist,mean_reversion,OOS_PASS,0.3703,0.0204,test,MEAN_REVERTING,12,0.7465,-0.1256,0.25,-10.8617,250.0
NASDAQ,index,MR_EMA_Dist,mean_reversion,OOS_PASS,0.3703,0.0204,test,TRENDING,245,0.9473,-0.0229,0.3347,-2.6158,2004.54
NASDAQ,index,MR_EMA_Dist,mean_reversion,OOS_PASS,0.3703,0.0204,oos,HIGH_VOLATILITY,250,0.9997,-0.0001,0.372,-0.017,2513.42
NASDAQ,index,MR_EMA_Dist,mean_reversion,OOS_PASS,0.3703,0.0204,oos,LOW_VOLATILITY,74,0.9399,-0.0278,0.3243,-1.9289,672.45
NASDAQ,index,MR_EMA_Dist,mean_reversion,OOS_PASS,0.3703,0.0204,oos,MEAN_REVERTING,22,0.955,-0.0202,0.3182,-2.5105,459.55
NASDAQ,index,MR_EMA_Dist,mean_reversion,OOS_PASS,0.3703,0.0204,oos,TRENDING,282,1.1519,0.0606,0.3369,6.6948,1108.93
NASDAQ,index,MR_RSI_Exhaust,mean_reversion,FAIL,0.2357,0.1202,test,HIGH_VOLATILITY,137,1.0056,0.0021,0.3431,0.3064,1735.93
NASDAQ,index,MR_RSI_Exhaust,mean_reversion,FAIL,0.2357,0.1202,test,LOW_VOLATILITY,55,0.9416,-0.0257,0.3091,-1.9749,654.59
NASDAQ,index,MR_RSI_Exhaust,mean_reversion,FAIL,0.2357,0.1202,test,MEAN_REVERTING,18,1.309,0.0947,0.3333,16.9844,515.07
NASDAQ,index,MR_RSI_Exhaust,mean_reversion,FAIL,0.2357,0.1202,test,TRENDING,180,0.7906,-0.0995,0.3056,-11.0748,3223.27
NASDAQ,index,MR_RSI_Exhaust,mean_reversion,FAIL,0.2357,0.1202,oos,HIGH_VOLATILITY,169,0.8433,-0.073,0.3254,-8.5585,2275.78
NASDAQ,index,MR_RSI_Exhaust,mean_reversion,FAIL,0.2357,0.1202,oos,LOW_VOLATILITY,66,0.9059,-0.0451,0.3485,-3.1942,834.03
NASDAQ,index,MR_RSI_Exhaust,mean_reversion,FAIL,0.2357,0.1202,oos,MEAN_REVERTING,22,0.9386,-0.029,0.3636,-3.6195,487.77
NASDAQ,index,MR_RSI_Exhaust,mean_reversion,FAIL,0.2357,0.1202,oos,TRENDING,211,1.2367,0.088,0.3507,10.4886,711.55
NASDAQ,index,TF_EMA_Slope,trend_follow,FAIL,0.2917,0.0081,test,HIGH_VOLATILITY,191,0.9335,-0.0299,0.3665,-5.3208,3319.3
NASDAQ,index,TF_EMA_Slope,trend_follow,FAIL,0.2917,0.0081,test,LOW_VOLATILITY,34,1.2979,0.1113,0.4412,13.1944,636.47
NASDAQ,index,TF_EMA_Slope,trend_follow,FAIL,0.2917,0.0081,test,MEAN_REVERTING,11,1.1724,0.0672,0.5455,12.9173,470.24
NASDAQ,index,TF_EMA_Slope,trend_follow,FAIL,0.2917,0.0081,test,TRENDING,163,1.0226,0.0097,0.4294,1.537,2553.18
NASDAQ,index,TF_EMA_Slope,trend_follow,FAIL,0.2917,0.0081,oos,HIGH_VOLATILITY,219,0.953,-0.0211,0.3653,-3.5013,3557.6
NASDAQ,index,TF_EMA_Slope,trend_follow,FAIL,0.2917,0.0081,oos,LOW_VOLATILITY,32,1.2478,0.1,0.4062,9.7772,383.46
NASDAQ,index,TF_EMA_Slope,trend_follow,FAIL,0.2917,0.0081,oos,MEAN_REVERTING,18,1.6518,0.2389,0.5556,39.9878,309.99
NASDAQ,index,TF_EMA_Slope,trend_follow,FAIL,0.2917,0.0081,oos,TRENDING,228,0.9878,-0.0054,0.3816,-0.8631,1448.2
NASDAQ,index,TF_Momentum,trend_follow,FAIL,0.2873,-0.0034,test,HIGH_VOLATILITY,201,0.9873,-0.0055,0.3682,-0.9788,2336.67
NASDAQ,index,TF_Momentum,trend_follow,FAIL,0.2873,-0.0034,test,LOW_VOLATILITY,40,0.9627,-0.0167,0.425,-1.8707,786.49
NASDAQ,index,TF_Momentum,trend_follow,FAIL,0.2873,-0.0034,test,MEAN_REVERTING,9,0.6889,-0.1539,0.4444,-28.4978,604.52
NASDAQ,index,TF_Momentum,trend_follow,FAIL,0.2873,-0.0034,test,TRENDING,168,1.0254,0.0103,0.3929,1.7282,1646.23
NASDAQ,index,TF_Momentum,trend_follow,FAIL,0.2873,-0.0034,oos,HIGH_VOLATILITY,213,1.0795,0.0335,0.3803,5.6986,2558.58
NASDAQ,index,TF_Momentum,trend_follow,FAIL,0.2873,-0.0034,oos,LOW_VOLATILITY,37,1.0482,0.0216,0.3784,2.0516,570.74
NASDAQ,index,TF_Momentum,trend_follow,FAIL,0.2873,-0.0034,oos,MEAN_REVERTING,20,0.7918,-0.0987,0.35,-20.2235,1199.87
NASDAQ,index,TF_Momentum,trend_follow,FAIL,0.2873,-0.0034,oos,TRENDING,227,0.9196,-0.0379,0.37,-5.635,2106.37
NASDAQ,index,TF_Breakout_20,trend_follow,FAIL,0.1602,0.0821,test,HIGH_VOLATILITY,143,0.9114,-0.0395,0.3636,-7.0867,1836.28
NASDAQ,index,TF_Breakout_20,trend_follow,FAIL,0.1602,0.0821,test,LOW_VOLATILITY,35,1.3552,0.1208,0.4286,14.0754,385.8
NASDAQ,index,TF_Breakout_20,trend_follow,FAIL,0.1602,0.0821,test,MEAN_REVERTING,5,1.5023,0.1603,0.8,41.742,415.53
NASDAQ,index,TF_Breakout_20,trend_follow,FAIL,0.1602,0.0821,test,TRENDING,139,0.9266,-0.0316,0.3741,-5.0164,1259.95
NASDAQ,index,TF_Breakout_20,trend_follow,FAIL,0.1602,0.0821,oos,HIGH_VOLATILITY,152,1.0234,0.0099,0.3882,1.6669,2138.16
NASDAQ,index,TF_Breakout_20,trend_follow,FAIL,0.1602,0.0821,oos,LOW_VOLATILITY,45,1.0578,0.0252,0.3556,2.486,642.49
NASDAQ,index,TF_Breakout_20,trend_follow,FAIL,0.1602,0.0821,oos,MEAN_REVERTING,14,0.82,-0.0807,0.4286,-16.0414,688.71
NASDAQ,index,TF_Breakout_20,trend_follow,FAIL,0.1602,0.0821,oos,TRENDING,168,1.0643,0.0281,0.3988,4.27,1660.74
NASDAQ,index,VOL_ATR_Expand,volatility,PASS,0.8761,-0.4192,test,HIGH_VOLATILITY,52,1.8883,0.2416,0.4615,51.025,901.2
NASDAQ,index,VOL_ATR_Expand,volatility,PASS,0.8761,-0.4192,oos,HIGH_VOLATILITY,70,1.0968,0.0409,0.4143,6.0803,1898.83
NASDAQ,index,VOL_Range_Bkout,volatility,OOS_PASS,0.4548,-0.0704,test,HIGH_VOLATILITY,89,1.1245,0.0467,0.3034,4.7296,465.78
NASDAQ,index,VOL_Range_Bkout,volatility,OOS_PASS,0.4548,-0.0704,test,LOW_VOLATILITY,133,1.1911,0.0726,0.3308,6.21,514.75
NASDAQ,index,VOL_Range_Bkout,volatility,OOS_PASS,0.4548,-0.0704,oos,HIGH_VOLATILITY,96,1.0628,0.0252,0.3021,2.2082,1114.01
NASDAQ,index,VOL_Range_Bkout,volatility,OOS_PASS,0.4548,-0.0704,oos,LOW_VOLATILITY,153,1.091,0.0371,0.3072,3.1166,777.03
ITUB4,brazil_equity,MR_BB_Stretch,mean_reversion,FAIL,0.2537,0.1314,test,HIGH_VOLATILITY,42,0.6424,-0.1993,0.2381,-6.2955,499.82
ITUB4,brazil_equity,MR_BB_Stretch,mean_reversion,FAIL,0.2537,0.1314,test,LOW_VOLATILITY,7,0.1944,-0.8259,0.1429,-14.41,125.21
ITUB4,brazil_equity,MR_BB_Stretch,mean_reversion,FAIL,0.2537,0.1314,test,MEAN_REVERTING,8,1.9492,0.2942,0.5,10.495,88.45
ITUB4,brazil_equity,MR_BB_Stretch,mean_reversion,FAIL,0.2537,0.1314,test,TRENDING,70,1.0401,0.0183,0.3571,0.5319,211.27
ITUB4,brazil_equity,MR_BB_Stretch,mean_reversion,FAIL,0.2537,0.1314,oos,HIGH_VOLATILITY,46,0.7205,-0.1433,0.2609,-6.0015,562.69
ITUB4,brazil_equity,MR_BB_Stretch,mean_reversion,FAIL,0.2537,0.1314,oos,LOW_VOLATILITY,1,0.0,-24130000000.0,0.0,-24.13,0.0
ITUB4,brazil_equity,MR_BB_Stretch,mean_reversion,FAIL,0.2537,0.1314,oos,MEAN_REVERTING,11,0.9161,-0.0355,0.2727,-1.5818,95.7
ITUB4,brazil_equity,MR_BB_Stretch,mean_reversion,FAIL,0.2537,0.1314,oos,TRENDING,102,1.1453,0.0611,0.3824,2.6529,445.0
ITUB4,brazil_equity,MR_EMA_Dist,mean_reversion,FAIL,0.2669,0.1807,test,HIGH_VOLATILITY,53,0.7363,-0.1365,0.2642,-4.4487,448.75
ITUB4,brazil_equity,MR_EMA_Dist,mean_reversion,FAIL,0.2669,0.1807,test,LOW_VOLATILITY,7,0.0,-5.278,0.0,-20.2829,125.59
ITUB4,brazil_equity,MR_EMA_Dist,mean_reversion,FAIL,0.2669,0.1807,test,MEAN_REVERTING,7,2.7458,0.4455,0.5714,15.66,62.79
ITUB4,brazil_equity,MR_EMA_Dist,mean_reversion,FAIL,0.2669,0.1807,test,TRENDING,84,1.1276,0.0553,0.369,1.6951,186.97
ITUB4,brazil_equity,MR_EMA_Dist,mean_reversion,FAIL,0.2669,0.1807,oos,HIGH_VOLATILITY,60,0.9065,-0.0428,0.3,-1.8958,483.63
ITUB4,brazil_equity,MR_EMA_Dist,mean_reversion,FAIL,0.2669,0.1807,oos,LOW_VOLATILITY,1,0.0,-24130000000.0,0.0,-24.13,0.0
ITUB4,brazil_equity,MR_EMA_Dist,mean_reversion,FAIL,0.2669,0.1807,oos,MEAN_REVERTING,12,1.162,0.0617,0.3333,2.8742,80.23
ITUB4,brazil_equity,MR_EMA_Dist,mean_reversion,FAIL,0.2669,0.1807,oos,TRENDING,125,1.2371,0.0949,0.384,4.1242,393.44
ITUB4,brazil_equity,MR_RSI_Exhaust,mean_reversion,OOS_PASS,0.5583,-0.0033,test,HIGH_VOLATILITY,29,1.6757,0.232,0.4483,8.601,186.29
ITUB4,brazil_equity,MR_RSI_Exhaust,mean_reversion,OOS_PASS,0.5583,-0.0033,test,LOW_VOLATILITY,6,0.0,-6.0168,0.0,-21.505,113.33
ITUB4,brazil_equity,MR_RSI_Exhaust,mean_reversion,OOS_PASS,0.5583,-0.0033,test,MEAN_REVERTING,10,1.2243,0.09,0.4,2.61,103.2
ITUB4,brazil_equity,MR_RSI_Exhaust,mean_reversion,OOS_PASS,0.5583,-0.0033,test,TRENDING,73,0.9986,-0.0006,0.3425,-0.0188,184.47
ITUB4,brazil_equity,MR_RSI_Exhaust,mean_reversion,OOS_PASS,0.5583,-0.0033,oos,HIGH_VOLATILITY,42,0.7681,-0.1133,0.2619,-4.9538,520.67
ITUB4,brazil_equity,MR_RSI_Exhaust,mean_reversion,OOS_PASS,0.5583,-0.0033,oos,MEAN_REVERTING,12,1.3243,0.1135,0.3333,4.8633,65.6
ITUB4,brazil_equity,MR_RSI_Exhaust,mean_reversion,OOS_PASS,0.5583,-0.0033,oos,TRENDING,70,1.2838,0.111,0.4,5.0283,240.15
ITUB4,brazil_equity,TF_EMA_Slope,trend_follow,FAIL,0.2825,-0.044,test,HIGH_VOLATILITY,37,0.5772,-0.2611,0.2973,-12.0151,555.69
ITUB4,brazil_equity,TF_EMA_Slope,trend_follow,FAIL,0.2825,-0.044,test,LOW_VOLATILITY,2,108360000000.0,13.3955,1.0,54.18,0.0
ITUB4,brazil_equity,TF_EMA_Slope,trend_follow,FAIL,0.2825,-0.044,test,MEAN_REVERTING,1,56110000000.0,56110000000.0,1.0,56.11,0.0
ITUB4,brazil_equity,TF_EMA_Slope,trend_follow,FAIL,0.2825,-0.044,test,TRENDING,81,1.1661,0.071,0.3951,3.0335,371.49
ITUB4,brazil_equity,TF_EMA_Slope,trend_follow,FAIL,0.2825,-0.044,oos,HIGH_VOLATILITY,62,1.1045,0.045,0.371,2.7466,340.13
ITUB4,brazil_equity,TF_EMA_Slope,trend_follow,FAIL,0.2825,-0.044,oos,LOW_VOLATILITY,2,0.0,-4.7657,0.0,-39.09,44.89
ITUB4,brazil_equity,TF_EMA_Slope,trend_follow,FAIL,0.2825,-0.044,oos,MEAN_REVERTING,12,0.8686,-0.0645,0.4167,-3.7908,156.96
ITUB4,brazil_equity,TF_EMA_Slope,trend_follow,FAIL,0.2825,-0.044,oos,TRENDING,121,0.8945,-0.0505,0.3306,-2.946,914.94
ITUB4,brazil_equity,TF_Momentum,trend_follow,OOS_PASS,0.2786,-0.0799,test,HIGH_VOLATILITY,38,0.8587,-0.0699,0.3421,-3.5818,237.83
ITUB4,brazil_equity,TF_Momentum,trend_follow,OOS_PASS,0.2786,-0.0799,test,LOW_VOLATILITY,1,51320000000.0,51320000000.0,1.0,51.32,0.0
ITUB4,brazil_equity,TF_Momentum,trend_follow,OOS_PASS,0.2786,-0.0799,test,MEAN_REVERTING,4,0.5928,-0.2134,0.25,-9.6375,46.91
ITUB4,brazil_equity,TF_Momentum,trend_follow,OOS_PASS,0.2786,-0.0799,test,TRENDING,73,1.2533,0.1046,0.411,4.4904,242.59
ITUB4,brazil_equity,TF_Momentum,trend_follow,OOS_PASS,0.2786,-0.0799,oos,HIGH_VOLATILITY,60,1.3747,0.1451,0.4333,9.0437,236.46
ITUB4,brazil_equity,TF_Momentum,trend_follow,OOS_PASS,0.2786,-0.0799,oos,LOW_VOLATILITY,4,1.4241,0.1505,0.5,8.145,44.89
ITUB4,brazil_equity,TF_Momentum,trend_follow,OOS_PASS,0.2786,-0.0799,oos,MEAN_REVERTING,14,0.5114,-0.3079,0.2857,-15.6029,269.35
ITUB4,brazil_equity,TF_Momentum,trend_follow,OOS_PASS,0.2786,-0.0799,oos,TRENDING,122,0.8954,-0.0504,0.3443,-2.9193,770.35
ITUB4,brazil_equity,TF_Breakout_20,trend_follow,FAIL,0.2995,0.1589,test,HIGH_VOLATILITY,34,0.8928,-0.0527,0.3529,-2.5224,214.63
ITUB4,brazil_equity,TF_Breakout_20,trend_follow,FAIL,0.2995,0.1589,test,LOW_VOLATILITY,2,2.7756,0.3325,0.5,21.405,0.0
ITUB4,brazil_equity,TF_Breakout_20,trend_follow,FAIL,0.2995,0.1589,test,MEAN_REVERTING,3,1.2626,0.086,0.3333,3.89,21.18
ITUB4,brazil_equity,TF_Breakout_20,trend_follow,FAIL,0.2995,0.1589,test,TRENDING,49,0.7861,-0.1116,0.3061,-4.4151,388.49
ITUB4,brazil_equity,TF_Breakout_20,trend_follow,FAIL,0.2995,0.1589,oos,HIGH_VOLATILITY,42,1.37,0.1418,0.4286,9.3807,234.11
ITUB4,brazil_equity,TF_Breakout_20,trend_follow,FAIL,0.2995,0.1589,oos,LOW_VOLATILITY,2,96740000000.0,14.0752,1.0,48.37,0.0
ITUB4,brazil_equity,TF_Breakout_20,trend_follow,FAIL,0.2995,0.1589,oos,MEAN_REVERTING,9,0.5237,-0.2923,0.2222,-12.9156,151.78
ITUB4,brazil_equity,TF_Breakout_20,trend_follow,FAIL,0.2995,0.1589,oos,TRENDING,76,0.8414,-0.0802,0.3553,-4.6355,918.58
ITUB4,brazil_equity,VOL_ATR_Expand,volatility,DEGRADED,0.3236,-1.0,test,HIGH_VOLATILITY,6,1.9423,0.2882,0.5,14.375,66.19
ITUB4,brazil_equity,VOL_Range_Bkout,volatility,OOS_PASS,0.4632,-0.5738,test,HIGH_VOLATILITY,1,0.0,-16200000000.0,0.0,-16.2,0.0
ITUB4,brazil_equity,VOL_Range_Bkout,volatility,OOS_PASS,0.4632,-0.5738,test,LOW_VOLATILITY,4,9.1314,0.9753,0.75,38.055,18.72
ITUB4,brazil_equity,VOL_Range_Bkout,volatility,OOS_PASS,0.4632,-0.5738,oos,LOW_VOLATILITY,6,2.0864,0.3194,0.5,13.9167,76.86
PETR4,brazil_equity,MR_BB_Stretch,mean_reversion,FAIL,0.2297,0.0821,test,HIGH_VOLATILITY,36,0.8681,-0.0657,0.3611,-2.8214,340.14
PETR4,brazil_equity,MR_BB_Stretch,mean_reversion,FAIL,0.2297,0.0821,test,LOW_VOLATILITY,2,1.0397,0.0138,0.5,0.715,36.0
PETR4,brazil_equity,MR_BB_Stretch,mean_reversion,FAIL,0.2297,0.0821,test,MEAN_REVERTING,10,0.0,-3.59,0.0,-23.721,219.21
PETR4,brazil_equity,MR_BB_Stretch,mean_reversion,FAIL,0.2297,0.0821,test,TRENDING,88,0.9238,-0.035,0.3295,-1.3294,330.65
PETR4,brazil_equity,MR_BB_Stretch,mean_reversion,FAIL,0.2297,0.0821,oos,HIGH_VOLATILITY,45,1.2634,0.1015,0.4,4.572,298.36
PETR4,brazil_equity,MR_BB_Stretch,mean_reversion,FAIL,0.2297,0.0821,oos,LOW_VOLATILITY,4,0.0,-2.9034,0.0,-30.2525,106.22
PETR4,brazil_equity,MR_BB_Stretch,mean_reversion,FAIL,0.2297,0.0821,oos,MEAN_REVERTING,11,0.1758,-0.8521,0.0909,-16.3827,145.14
PETR4,brazil_equity,MR_BB_Stretch,mean_reversion,FAIL,0.2297,0.0821,oos,TRENDING,116,0.8799,-0.0534,0.3103,-2.3595,958.78
PETR4,brazil_equity,MR_EMA_Dist,mean_reversion,FAIL,0.103,0.1194,test,HIGH_VOLATILITY,44,0.976,-0.0113,0.3864,-0.4757,341.21
PETR4,brazil_equity,MR_EMA_Dist,mean_reversion,FAIL,0.103,0.1194,test,LOW_VOLATILITY,3,0.6559,-0.1687,0.3333,-6.5467,36.0
PETR4,brazil_equity,MR_EMA_Dist,mean_reversion,FAIL,0.103,0.1194,test,MEAN_REVERTING,10,0.0,-3.8725,0.0,-24.228,224.28
PETR4,brazil_equity,MR_EMA_Dist,mean_reversion,FAIL,0.103,0.1194,test,TRENDING,99,0.8828,-0.0553,0.3232,-2.0647,381.57
PETR4,brazil_equity,MR_EMA_Dist,mean_reversion,FAIL,0.103,0.1194,oos,HIGH_VOLATILITY,50,0.9481,-0.0229,0.32,-0.9864,325.43
PETR4,brazil_equity,MR_EMA_Dist,mean_reversion,FAIL,0.103,0.1194,oos,LOW_VOLATILITY,4,0.0,-2.9034,0.0,-30.2525,106.22
PETR4,brazil_equity,MR_EMA_Dist,mean_reversion,FAIL,0.103,0.1194,oos,MEAN_REVERTING,13,0.4721,-0.3485,0.2308,-8.8838,103.57
PETR4,brazil_equity,MR_EMA_Dist,mean_reversion,FAIL,0.103,0.1194,oos,TRENDING,137,1.0099,0.004,0.3212,0.1844,840.1
PETR4,brazil_equity,MR_RSI_Exhaust,mean_reversion,FAIL,0.2513,0.3581,test,HIGH_VOLATILITY,30,0.6471,-0.2036,0.3,-8.683,382.36
PETR4,brazil_equity,MR_RSI_Exhaust,mean_reversion,FAIL,0.2513,0.3581,test,LOW_VOLATILITY,2,0.0,-2.7029,0.0,-28.535,36.0
PETR4,brazil_equity,MR_RSI_Exhaust,mean_reversion,FAIL,0.2513,0.3581,test,MEAN_REVERTING,10,0.3954,-0.4347,0.2,-12.385,168.71
PETR4,brazil_equity,MR_RSI_Exhaust,mean_reversion,FAIL,0.2513,0.3581,test,TRENDING,63,0.8958,-0.0487,0.3016,-1.6722,321.86
PETR4,brazil_equity,MR_RSI_Exhaust,mean_reversion,FAIL,0.2513,0.3581,oos,HIGH_VOLATILITY,34,1.182,0.0706,0.3529,3.4144,310.07
PETR4,brazil_equity,MR_RSI_Exhaust,mean_reversion,FAIL,0.2513,0.3581,oos,LOW_VOLATILITY,4,0.646,-0.1773,0.25,-7.77,70.36
PETR4,brazil_equity,MR_RSI_Exhaust,mean_reversion,FAIL,0.2513,0.3581,oos,MEAN_REVERTING,12,0.3293,-0.525,0.1667,-13.0225,121.2
PETR4,brazil_equity,MR_RSI_Exhaust,mean_reversion,FAIL,0.2513,0.3581,oos,TRENDING,101,1.0217,0.009,0.3564,0.3986,366.86
PETR4,brazil_equity,TF_EMA_Slope,trend_follow,OOS_PASS,0.4832,0.0271,test,HIGH_VOLATILITY,42,1.1684,0.0696,0.3571,4.0276,312.45
PETR4,brazil_equity,TF_EMA_Slope,trend_follow,OOS_PASS,0.4832,0.0271,test,LOW_VOLATILITY,2,0.0,-21.6712,0.0,-29.575,28.61
PETR4,brazil_equity,TF_EMA_Slope,trend_follow,OOS_PASS,0.4832,0.0271,test,MEAN_REVERTING,5,1.2343,0.0898,0.4,4.258,28.71
PETR4,brazil_equity,TF_EMA_Slope,trend_follow,OOS_PASS,0.4832,0.0271,test,TRENDING,79,1.3476,0.1361,0.443,6.9497,270.2
PETR4,brazil_equity,TF_EMA_Slope,trend_follow,OOS_PASS,0.4832,0.0271,oos,HIGH_VOLATILITY,48,1.2321,0.0883,0.4375,6.7769,353.65
PETR4,brazil_equity,TF_EMA_Slope,trend_follow,OOS_PASS,0.4832,0.0271,oos,LOW_VOLATILITY,2,1.6574,0.1749,0.5,19.265,58.61
PETR4,brazil_equity,TF_EMA_Slope,trend_follow,OOS_PASS,0.4832,0.0271,oos,MEAN_REVERTING,6,1.3149,0.1216,0.5,5.78,57.53
PETR4,brazil_equity,TF_EMA_Slope,trend_follow,OOS_PASS,0.4832,0.0271,oos,TRENDING,106,1.3017,0.1152,0.4434,6.7913,432.11
PETR4,brazil_equity,TF_Momentum,trend_follow,OOS_PASS,0.4573,-0.1056,test,HIGH_VOLATILITY,44,1.2797,0.1114,0.3864,6.485,222.31
PETR4,brazil_equity,TF_Momentum,trend_follow,OOS_PASS,0.4573,-0.1056,test,LOW_VOLATILITY,1,47680000000.0,47680000000.0,1.0,47.68,0.0
PETR4,brazil_equity,TF_Momentum,trend_follow,OOS_PASS,0.4573,-0.1056,test,MEAN_REVERTING,6,0.9188,-0.0368,0.3333,-1.625,57.75
PETR4,brazil_equity,TF_Momentum,trend_follow,OOS_PASS,0.4573,-0.1056,test,TRENDING,71,1.1457,0.0619,0.4225,3.1799,304.72
PETR4,brazil_equity,TF_Momentum,trend_follow,OOS_PASS,0.4573,-0.1056,oos,HIGH_VOLATILITY,45,0.8057,-0.0942,0.3556,-6.6669,807.11
PETR4,brazil_equity,TF_Momentum,trend_follow,OOS_PASS,0.4573,-0.1056,oos,LOW_VOLATILITY,2,3.7622,0.4101,0.5,35.66,0.0
PETR4,brazil_equity,TF_Momentum,trend_follow,OOS_PASS,0.4573,-0.1056,oos,MEAN_REVERTING,8,1.463,0.171,0.5,7.46,76.28
PETR4,brazil_equity,TF_Momentum,trend_follow,OOS_PASS,0.4573,-0.1056,oos,TRENDING,116,1.1859,0.074,0.4224,4.4106,462.25
PETR4,brazil_equity,TF_Breakout_20,trend_follow,FAIL,0.2425,0.5976,test,HIGH_VOLATILITY,28,1.0304,0.0132,0.3214,0.8039,245.99
PETR4,brazil_equity,TF_Breakout_20,trend_follow,FAIL,0.2425,0.5976,test,MEAN_REVERTING,4,6.0394,0.8305,0.75,36.17,28.71
PETR4,brazil_equity,TF_Breakout_20,trend_follow,FAIL,0.2425,0.5976,test,TRENDING,60,0.6688,-0.1895,0.3167,-8.7418,599.84
PETR4,brazil_equity,TF_Breakout_20,trend_follow,FAIL,0.2425,0.5976,oos,HIGH_VOLATILITY,27,1.1432,0.0614,0.4815,3.5833,405.74
PETR4,brazil_equity,TF_Breakout_20,trend_follow,FAIL,0.2425,0.5976,oos,LOW_VOLATILITY,3,7.4404,0.7846,0.6667,51.5233,0.0
PETR4,brazil_equity,TF_Breakout_20,trend_follow,FAIL,0.2425,0.5976,oos,MEAN_REVERTING,7,1.7489,0.2537,0.5714,11.3714,28.82
PETR4,brazil_equity,TF_Breakout_20,trend_follow,FAIL,0.2425,0.5976,oos,TRENDING,77,1.329,0.123,0.4416,7.4225,472.4
PETR4,brazil_equity,VOL_ATR_Expand,volatility,OOS_PASS,0.0,0.4315,test,HIGH_VOLATILITY,5,1.4947,0.1662,0.4,11.858,45.14
PETR4,brazil_equity,VOL_ATR_Expand,volatility,OOS_PASS,0.0,0.4315,oos,HIGH_VOLATILITY,6,2.1397,0.3292,0.5,17.4883,33.07
PETR4,brazil_equity,VOL_Range_Bkout,volatility,FAIL,0.3363,9.2481,test,HIGH_VOLATILITY,6,0.5086,-0.2816,0.1667,-7.4183,47.86
PETR4,brazil_equity,VOL_Range_Bkout,volatility,FAIL,0.3363,9.2481,test,LOW_VOLATILITY,5,0.0,-5.2276,0.0,-19.544,77.36
PETR4,brazil_equity,VOL_Range_Bkout,volatility,FAIL,0.3363,9.2481,oos,HIGH_VOLATILITY,7,1.3493,0.1281,0.4286,6.7357,116.35
PETR4,brazil_equity,VOL_Range_Bkout,volatility,FAIL,0.3363,9.2481,oos,LOW_VOLATILITY,5,8.1349,0.905,0.8,39.656,27.79
IBOV,index,MR_BB_Stretch,mean_reversion,DEGRADED,0.6976,-0.3364,test,HIGH_VOLATILITY,56,1.4333,0.1557,0.4107,143.3575,5492.42
IBOV,index,MR_BB_Stretch,mean_reversion,DEGRADED,0.6976,-0.3364,test,LOW_VOLATILITY,4,3.2056,0.4203,0.5,425.925,340.75
IBOV,index,MR_BB_Stretch,mean_reversion,DEGRADED,0.6976,-0.3364,test,MEAN_REVERTING,8,0.5015,-0.3198,0.25,-203.0112,1247.75
IBOV,index,MR_BB_Stretch,mean_reversion,DEGRADED,0.6976,-0.3364,test,TRENDING,74,1.1346,0.059,0.3784,45.6738,7817.04
IBOV,index,MR_BB_Stretch,mean_reversion,DEGRADED,0.6976,-0.3364,oos,HIGH_VOLATILITY,65,0.9902,-0.0042,0.3385,-4.5669,8008.06
IBOV,index,MR_BB_Stretch,mean_reversion,DEGRADED,0.6976,-0.3364,oos,LOW_VOLATILITY,9,0.7692,-0.1062,0.2222,-68.8133,2682.92
IBOV,index,MR_BB_Stretch,mean_reversion,DEGRADED,0.6976,-0.3364,oos,MEAN_REVERTING,7,1.4509,0.1394,0.2857,224.6557,3047.03
IBOV,index,MR_BB_Stretch,mean_reversion,DEGRADED,0.6976,-0.3364,oos,TRENDING,146,0.7227,-0.1392,0.2603,-134.0184,20957.22
IBOV,index,MR_EMA_Dist,mean_reversion,DEGRADED,0.7975,-0.3156,test,HIGH_VOLATILITY,62,1.428,0.1554,0.4194,145.0319,4719.0
IBOV,index,MR_EMA_Dist,mean_reversion,DEGRADED,0.7975,-0.3156,test,LOW_VOLATILITY,2,0.0,-7.8753,0.0,-380.955,346.75
IBOV,index,MR_EMA_Dist,mean_reversion,DEGRADED,0.7975,-0.3156,test,MEAN_REVERTING,9,0.4315,-0.3962,0.2222,-239.1689,1624.09
IBOV,index,MR_EMA_Dist,mean_reversion,DEGRADED,0.7975,-0.3156,test,TRENDING,95,1.2221,0.0935,0.3895,72.0156,7839.74
IBOV,index,MR_EMA_Dist,mean_reversion,DEGRADED,0.7975,-0.3156,oos,HIGH_VOLATILITY,72,1.0526,0.022,0.3472,24.0922,8980.22
IBOV,index,MR_EMA_Dist,mean_reversion,DEGRADED,0.7975,-0.3156,oos,LOW_VOLATILITY,8,0.9109,-0.0372,0.25,-25.2237,2265.39
IBOV,index,MR_EMA_Dist,mean_reversion,DEGRADED,0.7975,-0.3156,oos,MEAN_REVERTING,6,1.6608,0.1933,0.3333,335.5833,2570.12
IBOV,index,MR_EMA_Dist,mean_reversion,DEGRADED,0.7975,-0.3156,oos,TRENDING,163,0.7209,-0.1403,0.2577,-136.7742,24033.58
IBOV,index,MR_RSI_Exhaust,mean_reversion,FAIL,0.4075,-0.0189,test,HIGH_VOLATILITY,41,1.5222,0.1908,0.439,163.1402,2442.63
IBOV,index,MR_RSI_Exhaust,mean_reversion,FAIL,0.4075,-0.0189,test,LOW_VOLATILITY,1,0.0,-415160000000.0,0.0,-415.16,0.0
IBOV,index,MR_RSI_Exhaust,mean_reversion,FAIL,0.4075,-0.0189,test,MEAN_REVERTING,8,0.4886,-0.334,0.25,-213.7837,1245.06
IBOV,index,MR_RSI_Exhaust,mean_reversion,FAIL,0.4075,-0.0189,test,TRENDING,64,0.7968,-0.1054,0.2969,-74.7066,8428.57
IBOV,index,MR_RSI_Exhaust,mean_reversion,FAIL,0.4075,-0.0189,oos,HIGH_VOLATILITY,56,1.1757,0.0693,0.375,81.1716,7720.59
IBOV,index,MR_RSI_Exhaust,mean_reversion,FAIL,0.4075,-0.0189,oos,LOW_VOLATILITY,6,2.067,0.3011,0.5,239.23,989.99
IBOV,index,MR_RSI_Exhaust,mean_reversion,FAIL,0.4075,-0.0189,oos,MEAN_REVERTING,11,1.6363,0.1959,0.3636,317.9991,2430.46
IBOV,index,MR_RSI_Exhaust,mean_reversion,FAIL,0.4075,-0.0189,oos,TRENDING,106,0.7723,-0.11,0.2642,-108.42,15309.2
IBOV,index,TF_EMA_Slope,trend_follow,OOS_PASS,0.2553,0.1171,test,HIGH_VOLATILITY,66,0.8431,-0.0753,0.3182,-95.3152,14061.22
IBOV,index,TF_EMA_Slope,trend_follow,OOS_PASS,0.2553,0.1171,test,LOW_VOLATILITY,5,0.9359,-0.0285,0.4,-34.488,1902.31
IBOV,index,TF_EMA_Slope,trend_follow,OOS_PASS,0.2553,0.1171,test,MEAN_REVERTING,7,5.2188,0.789,0.7143,804.2543,1334.45
IBOV,index,TF_EMA_Slope,trend_follow,OOS_PASS,0.2553,0.1171,test,TRENDING,68,1.1444,0.0637,0.4118,66.096,7508.25
IBOV,index,TF_EMA_Slope,trend_follow,OOS_PASS,0.2553,0.1171,oos,HIGH_VOLATILITY,64,1.2478,0.0971,0.4219,157.373,10269.14
IBOV,index,TF_EMA_Slope,trend_follow,OOS_PASS,0.2553,0.1171,oos,LOW_VOLATILITY,4,3.2165,0.5149,0.75,571.5175,1031.37
IBOV,index,TF_EMA_Slope,trend_follow,OOS_PASS,0.2553,0.1171,oos,MEAN_REVERTING,2,0.6026,-0.1754,0.5,-393.2,1978.67
IBOV,index,TF_EMA_Slope,trend_follow,OOS_PASS,0.2553,0.1171,oos,TRENDING,111,1.1103,0.0465,0.4054,66.2497,11780.82
IBOV,index,TF_Momentum,trend_follow,OOS_PASS,0.24,-0.0009,test,HIGH_VOLATILITY,63,0.9299,-0.0328,0.3492,-41.7449,13003.47
IBOV,index,TF_Momentum,trend_follow,OOS_PASS,0.24,-0.0009,test,LOW_VOLATILITY,2,0.0,-6.1024,0.0,-704.345,785.96
IBOV,index,TF_Momentum,trend_follow,OOS_PASS,0.24,-0.0009,test,MEAN_REVERTING,6,4.2006,0.6567,0.6667,711.83,1334.45
IBOV,index,TF_Momentum,trend_follow,OOS_PASS,0.24,-0.0009,test,TRENDING,68,1.0943,0.0424,0.3971,43.9274,7352.28
IBOV,index,TF_Momentum,trend_follow,OOS_PASS,0.24,-0.0009,oos,HIGH_VOLATILITY,67,1.0718,0.0304,0.3881,47.2612,11488.06
IBOV,index,TF_Momentum,trend_follow,OOS_PASS,0.24,-0.0009,oos,LOW_VOLATILITY,7,3.3234,0.5595,0.7143,526.9629,1031.37
IBOV,index,TF_Momentum,trend_follow,OOS_PASS,0.24,-0.0009,oos,MEAN_REVERTING,3,1.2848,0.1,0.6667,187.8367,1978.67
IBOV,index,TF_Momentum,trend_follow,OOS_PASS,0.24,-0.0009,oos,TRENDING,114,0.9719,-0.0128,0.3947,-18.2284,13695.41
IBOV,index,TF_Breakout_20,trend_follow,OOS_PASS,0.2836,0.0551,test,HIGH_VOLATILITY,37,0.7396,-0.1368,0.3243,-173.5168,13313.67
IBOV,index,TF_Breakout_20,trend_follow,OOS_PASS,0.2836,0.0551,test,LOW_VOLATILITY,2,1.3732,0.1112,0.5,146.655,785.96
IBOV,index,TF_Breakout_20,trend_follow,OOS_PASS,0.2836,0.0551,test,MEAN_REVERTING,4,7.7645,0.9374,0.75,980.2075,579.62
IBOV,index,TF_Breakout_20,trend_follow,OOS_PASS,0.2836,0.0551,test,TRENDING,46,1.3772,0.15,0.4565,159.9065,3978.75
IBOV,index,TF_Breakout_20,trend_follow,OOS_PASS,0.2836,0.0551,oos,HIGH_VOLATILITY,40,1.8191,0.2718,0.525,440.8493,7563.14
IBOV,index,TF_Breakout_20,trend_follow,OOS_PASS,0.2836,0.0551,oos,LOW_VOLATILITY,3,0.9637,-0.0141,0.3333,-19.2267,1031.37
IBOV,index,TF_Breakout_20,trend_follow,OOS_PASS,0.2836,0.0551,oos,MEAN_REVERTING,3,0.4217,-0.3391,0.3333,-545.0133,1978.67
IBOV,index,TF_Breakout_20,trend_follow,OOS_PASS,0.2836,0.0551,oos,TRENDING,80,0.9595,-0.0188,0.425,-26.9119,21041.07
IBOV,index,VOL_ATR_Expand,volatility,FAIL,0.0,0.0,test,HIGH_VOLATILITY,1,0.0,-1357829999999.9998,0.0,-1357.83,0.0
IBOV,index,VOL_ATR_Expand,volatility,FAIL,0.0,0.0,oos,HIGH_VOLATILITY,7,1.1015,0.0394,0.2857,79.1757,2532.6
IBOV,index,VOL_Range_Bkout,volatility,PASS,0.7473,0.4888,test,HIGH_VOLATILITY,1,1057589999999.9998,1057589999999.9999,1.0,1057.59,0.0
IBOV,index,VOL_Range_Bkout,volatility,PASS,0.7473,0.4888,test,LOW_VOLATILITY,4,1.6706,0.2124,0.5,179.4375,1070.35
IBOV,index,VOL_Range_Bkout,volatility,PASS,0.7473,0.4888,oos,HIGH_VOLATILITY,1,1722390000000.0,1722390000000.0,1.0,1722.39,0.0
IBOV,index,VOL_Range_Bkout,volatility,PASS,0.7473,0.4888,oos,LOW_VOLATILITY,6,2.7356,0.3881,0.5,407.4667,687.58
SPY,us_etf,MR_BB_Stretch,mean_reversion,OOS_PASS,0.4741,-0.0525,test,HIGH_VOLATILITY,45,1.5643,0.1835,0.4667,101.4278,1426.9
SPY,us_etf,MR_BB_Stretch,mean_reversion,OOS_PASS,0.4741,-0.0525,test,LOW_VOLATILITY,8,1.2838,0.0848,0.25,42.3438,553.0
SPY,us_etf,MR_BB_Stretch,mean_reversion,OOS_PASS,0.4741,-0.0525,test,MEAN_REVERTING,8,0.3456,-0.4707,0.125,-140.0787,1413.35
SPY,us_etf,MR_BB_Stretch,mean_reversion,OOS_PASS,0.4741,-0.0525,test,TRENDING,71,1.1882,0.0652,0.3803,34.4221,3931.4
SPY,us_etf,MR_BB_Stretch,mean_reversion,OOS_PASS,0.4741,-0.0525,oos,HIGH_VOLATILITY,71,1.201,0.0781,0.338,29.8007,1737.65
SPY,us_etf,MR_BB_Stretch,mean_reversion,OOS_PASS,0.4741,-0.0525,oos,LOW_VOLATILITY,21,0.8493,-0.0756,0.381,-17.2781,1459.34
SPY,us_etf,MR_BB_Stretch,mean_reversion,OOS_PASS,0.4741,-0.0525,oos,MEAN_REVERTING,9,4.133,0.6722,0.6667,299.4033,325.59
SPY,us_etf,MR_BB_Stretch,mean_reversion,OOS_PASS,0.4741,-0.0525,oos,TRENDING,84,1.0408,0.0166,0.3333,5.6417,2875.28
SPY,us_etf,MR_EMA_Dist,mean_reversion,OOS_PASS,0.3209,-0.0114,test,HIGH_VOLATILITY,64,1.2513,0.0906,0.4062,48.2966,2313.45
SPY,us_etf,MR_EMA_Dist,mean_reversion,OOS_PASS,0.3209,-0.0114,test,LOW_VOLATILITY,7,0.3667,-0.4366,0.1429,-109.6329,896.93
SPY,us_etf,MR_EMA_Dist,mean_reversion,OOS_PASS,0.3209,-0.0114,test,MEAN_REVERTING,8,0.3448,-0.4718,0.125,-140.535,1413.14
SPY,us_etf,MR_EMA_Dist,mean_reversion,OOS_PASS,0.3209,-0.0114,test,TRENDING,84,1.2472,0.0847,0.4048,44.6863,3798.43
SPY,us_etf,MR_EMA_Dist,mean_reversion,OOS_PASS,0.3209,-0.0114,oos,HIGH_VOLATILITY,87,1.0351,0.0149,0.3218,5.6574,1984.21
SPY,us_etf,MR_EMA_Dist,mean_reversion,OOS_PASS,0.3209,-0.0114,oos,LOW_VOLATILITY,22,1.3056,0.1224,0.4545,28.8145,1204.01
SPY,us_etf,MR_EMA_Dist,mean_reversion,OOS_PASS,0.3209,-0.0114,oos,MEAN_REVERTING,10,3.0651,0.5201,0.6,250.027,350.65
SPY,us_etf,MR_EMA_Dist,mean_reversion,OOS_PASS,0.3209,-0.0114,oos,TRENDING,90,1.0661,0.0266,0.3333,9.1257,3591.85
SPY,us_etf,MR_RSI_Exhaust,mean_reversion,OOS_PASS,0.367,-0.1284,test,HIGH_VOLATILITY,35,1.7035,0.2089,0.4286,125.1934,2170.76
SPY,us_etf,MR_RSI_Exhaust,mean_reversion,OOS_PASS,0.367,-0.1284,test,LOW_VOLATILITY,6,0.8428,-0.0734,0.3333,-22.8833,422.49
SPY,us_etf,MR_RSI_Exhaust,mean_reversion,OOS_PASS,0.367,-0.1284,test,MEAN_REVERTING,5,0.6639,-0.1636,0.2,-59.908,608.15
SPY,us_etf,MR_RSI_Exhaust,mean_reversion,OOS_PASS,0.367,-0.1284,test,TRENDING,54,1.2919,0.0939,0.3519,47.9802,2151.93
SPY,us_etf,MR_RSI_Exhaust,mean_reversion,OOS_PASS,0.367,-0.1284,oos,HIGH_VOLATILITY,47,1.3666,0.1366,0.383,52.9319,1451.48
SPY,us_etf,MR_RSI_Exhaust,mean_reversion,OOS_PASS,0.367,-0.1284,oos,LOW_VOLATILITY,17,1.0199,0.009,0.4118,2.1559,1392.56
SPY,us_etf,MR_RSI_Exhaust,mean_reversion,OOS_PASS,0.367,-0.1284,oos,MEAN_REVERTING,11,3.2895,0.5653,0.6364,252.8409,630.59
SPY,us_etf,MR_RSI_Exhaust,mean_reversion,OOS_PASS,0.367,-0.1284,oos,TRENDING,73,0.9036,-0.0436,0.3014,-14.0129,2408.14
SPY,us_etf,TF_EMA_Slope,trend_follow,FAIL,0.2413,0.1863,test,HIGH_VOLATILITY,50,0.9914,-0.0038,0.38,-2.3518,4689.88
SPY,us_etf,TF_EMA_Slope,trend_follow,FAIL,0.2413,0.1863,test,LOW_VOLATILITY,4,0.4105,-0.3861,0.25,-164.115,488.42
SPY,us_etf,TF_EMA_Slope,trend_follow,FAIL,0.2413,0.1863,test,MEAN_REVERTING,5,0.4213,-0.384,0.2,-174.114,1504.35
SPY,us_etf,TF_EMA_Slope,trend_follow,FAIL,0.2413,0.1863,test,TRENDING,69,0.8469,-0.0626,0.3188,-43.7059,7147.27
SPY,us_etf,TF_EMA_Slope,trend_follow,FAIL,0.2413,0.1863,oos,HIGH_VOLATILITY,83,0.8184,-0.0927,0.3614,-49.6646,8685.45
SPY,us_etf,TF_EMA_Slope,trend_follow,FAIL,0.2413,0.1863,oos,LOW_VOLATILITY,10,2.1508,0.323,0.5,124.674,479.3
SPY,us_etf,TF_EMA_Slope,trend_follow,FAIL,0.2413,0.1863,oos,MEAN_REVERTING,5,0.4786,-0.318,0.2,-194.886,959.92
SPY,us_etf,TF_EMA_Slope,trend_follow,FAIL,0.2413,0.1863,oos,TRENDING,77,1.3713,0.1381,0.4286,66.8661,4363.82
SPY,us_etf,TF_Momentum,trend_follow,FAIL,0.2849,-0.1298,test,HIGH_VOLATILITY,56,0.746,-0.1253,0.3571,-86.0793,7696.1
SPY,us_etf,TF_Momentum,trend_follow,FAIL,0.2849,-0.1298,test,LOW_VOLATILITY,6,1.0544,0.0214,0.3333,12.22,625.17
SPY,us_etf,TF_Momentum,trend_follow,FAIL,0.2849,-0.1298,test,MEAN_REVERTING,6,3.2598,0.5494,0.6667,295.4217,443.79
SPY,us_etf,TF_Momentum,trend_follow,FAIL,0.2849,-0.1298,test,TRENDING,76,1.1041,0.0367,0.3553,28.395,4901.29
SPY,us_etf,TF_Momentum,trend_follow,FAIL,0.2849,-0.1298,oos,HIGH_VOLATILITY,79,0.6319,-0.215,0.3038,-113.6068,11182.67
SPY,us_etf,TF_Momentum,trend_follow,FAIL,0.2849,-0.1298,oos,LOW_VOLATILITY,8,3.3544,0.5105,0.625,195.49,386.85
SPY,us_etf,TF_Momentum,trend_follow,FAIL,0.2849,-0.1298,oos,MEAN_REVERTING,6,0.2787,-0.6066,0.1667,-275.9933,1895.98
SPY,us_etf,TF_Momentum,trend_follow,FAIL,0.2849,-0.1298,oos,TRENDING,70,1.2341,0.093,0.4143,44.362,4562.0
SPY,us_etf,TF_Breakout_20,trend_follow,DEGRADED,0.6045,-0.3135,test,HIGH_VOLATILITY,32,1.0959,0.0385,0.4062,24.7172,1661.18
SPY,us_etf,TF_Breakout_20,trend_follow,DEGRADED,0.6045,-0.3135,test,LOW_VOLATILITY,1,0.0,-209360000000.0,0.0,-209.36,0.0
SPY,us_etf,TF_Breakout_20,trend_follow,DEGRADED,0.6045,-0.3135,test,MEAN_REVERTING,4,3255880000000.0,3.1533,1.0,813.97,0.0
SPY,us_etf,TF_Breakout_20,trend_follow,DEGRADED,0.6045,-0.3135,test,TRENDING,55,1.2883,0.103,0.3818,62.854,2783.86
SPY,us_etf,TF_Breakout_20,trend_follow,DEGRADED,0.6045,-0.3135,oos,HIGH_VOLATILITY,56,0.7711,-0.1207,0.3393,-63.3823,4970.26
SPY,us_etf,TF_Breakout_20,trend_follow,DEGRADED,0.6045,-0.3135,oos,LOW_VOLATILITY,7,3.2339,0.4991,0.5714,166.7757,198.96
SPY,us_etf,TF_Breakout_20,trend_follow,DEGRADED,0.6045,-0.3135,oos,MEAN_REVERTING,5,0.0,-6.8481,0.0,-468.264,1941.43
SPY,us_etf,TF_Breakout_20,trend_follow,DEGRADED,0.6045,-0.3135,oos,TRENDING,46,1.3258,0.1284,0.4783,62.1691,3207.42
SPY,us_etf,VOL_ATR_Expand,volatility,FAIL,0.6058,1.4811,test,HIGH_VOLATILITY,11,0.4363,-0.3192,0.1818,-214.9764,2111.39
SPY,us_etf,VOL_ATR_Expand,volatility,FAIL,0.6058,1.4811,oos,HIGH_VOLATILITY,19,1.0825,0.0342,0.3158,14.6842,2004.89
SPY,us_etf,VOL_Range_Bkout,volatility,OOS_PASS,0.5376,-0.6432,test,HIGH_VOLATILITY,12,5.1709,0.5388,0.5833,318.005,349.57
SPY,us_etf,VOL_Range_Bkout,volatility,OOS_PASS,0.5376,-0.6432,test,LOW_VOLATILITY,5,1.234,0.0871,0.4,32.366,312.58
SPY,us_etf,VOL_Range_Bkout,volatility,OOS_PASS,0.5376,-0.6432,oos,HIGH_VOLATILITY,11,1.5024,0.1795,0.4545,62.7082,1086.16
SPY,us_etf,VOL_Range_Bkout,volatility,OOS_PASS,0.5376,-0.6432,oos,LOW_VOLATILITY,22,1.1012,0.0414,0.3182,11.8818,868.02
QQQ,us_etf,MR_BB_Stretch,mean_reversion,OOS_PASS,0.3634,-0.1567,test,HIGH_VOLATILITY,52,1.8817,0.2703,0.4808,158.2963,2086.99
QQQ,us_etf,MR_BB_Stretch,mean_reversion,OOS_PASS,0.3634,-0.1567,test,LOW_VOLATILITY,4,6.4225,0.8248,0.75,323.455,238.6
QQQ,us_etf,MR_BB_Stretch,mean_reversion,OOS_PASS,0.3634,-0.1567,test,MEAN_REVERTING,7,0.7693,-0.1147,0.2857,-58.4257,960.16
QQQ,us_etf,MR_BB_Stretch,mean_reversion,OOS_PASS,0.3634,-0.1567,test,TRENDING,81,0.9235,-0.0317,0.321,-16.7331,3474.44
QQQ,us_etf,MR_BB_Stretch,mean_reversion,OOS_PASS,0.3634,-0.1567,oos,HIGH_VOLATILITY,68,1.6224,0.2062,0.4265,93.5256,2090.97
QQQ,us_etf,MR_BB_Stretch,mean_reversion,OOS_PASS,0.3634,-0.1567,oos,LOW_VOLATILITY,14,0.4048,-0.4234,0.2143,-93.3914,1448.63
QQQ,us_etf,MR_BB_Stretch,mean_reversion,OOS_PASS,0.3634,-0.1567,oos,MEAN_REVERTING,5,2.5757,0.4195,0.6,236.37,750.04
QQQ,us_etf,MR_BB_Stretch,mean_reversion,OOS_PASS,0.3634,-0.1567,oos,TRENDING,102,0.787,-0.1031,0.2745,-39.5468,4318.16
QQQ,us_etf,MR_EMA_Dist,mean_reversion,OOS_PASS,0.3393,-0.133,test,HIGH_VOLATILITY,63,1.3816,0.1384,0.4127,78.33,3287.95
QQQ,us_etf,MR_EMA_Dist,mean_reversion,OOS_PASS,0.3393,-0.133,test,LOW_VOLATILITY,6,2.1062,0.3182,0.5,136.1917,483.37
QQQ,us_etf,MR_EMA_Dist,mean_reversion,OOS_PASS,0.3393,-0.133,test,MEAN_REVERTING,12,0.4105,-0.4095,0.1667,-163.2392,2198.35
QQQ,us_etf,MR_EMA_Dist,mean_reversion,OOS_PASS,0.3393,-0.133,test,TRENDING,97,1.188,0.0673,0.3711,38.1774,3711.77
QQQ,us_etf,MR_EMA_Dist,mean_reversion,OOS_PASS,0.3393,-0.133,oos,HIGH_VOLATILITY,89,1.4825,0.1696,0.4045,76.1598,2880.97
QQQ,us_etf,MR_EMA_Dist,mean_reversion,OOS_PASS,0.3393,-0.133,oos,LOW_VOLATILITY,15,0.5355,-0.2877,0.2667,-76.12,1370.61
QQQ,us_etf,MR_EMA_Dist,mean_reversion,OOS_PASS,0.3393,-0.133,oos,MEAN_REVERTING,7,0.7305,-0.1378,0.2857,-68.2714,1773.41
QQQ,us_etf,MR_EMA_Dist,mean_reversion,OOS_PASS,0.3393,-0.133,oos,TRENDING,114,0.8299,-0.0802,0.2807,-30.3311,5245.88
QQQ,us_etf,MR_RSI_Exhaust,mean_reversion,DEGRADED,0.5273,-0.3586,test,HIGH_VOLATILITY,41,2.1494,0.3306,0.4878,190.4759,1901.09
QQQ,us_etf,MR_RSI_Exhaust,mean_reversion,DEGRADED,0.5273,-0.3586,test,LOW_VOLATILITY,6,5.317,0.6804,0.6667,347.785,483.37
QQQ,us_etf,MR_RSI_Exhaust,mean_reversion,DEGRADED,0.5273,-0.3586,test,MEAN_REVERTING,9,0.5783,-0.244,0.2222,-110.5467,950.28
QQQ,us_etf,MR_RSI_Exhaust,mean_reversion,DEGRADED,0.5273,-0.3586,test,TRENDING,59,1.118,0.0444,0.3729,23.3732,2879.09
QQQ,us_etf,MR_RSI_Exhaust,mean_reversion,DEGRADED,0.5273,-0.3586,oos,HIGH_VOLATILITY,51,1.7326,0.2436,0.4706,105.5157,1194.85
QQQ,us_etf,MR_RSI_Exhaust,mean_reversion,DEGRADED,0.5273,-0.3586,oos,LOW_VOLATILITY,15,0.6916,-0.1675,0.3333,-53.0827,1615.63
QQQ,us_etf,MR_RSI_Exhaust,mean_reversion,DEGRADED,0.5273,-0.3586,oos,MEAN_REVERTING,12,1.0681,0.0291,0.3333,14.8367,2062.74
QQQ,us_etf,MR_RSI_Exhaust,mean_reversion,DEGRADED,0.5273,-0.3586,oos,TRENDING,89,0.6438,-0.1957,0.236,-70.2108,6905.22
QQQ,us_etf,TF_EMA_Slope,trend_follow,FAIL,0.2729,0.1203,test,HIGH_VOLATILITY,47,0.7861,-0.1081,0.3191,-71.0489,4763.98
QQQ,us_etf,TF_EMA_Slope,trend_follow,FAIL,0.2729,0.1203,test,LOW_VOLATILITY,3,0.0,-3.2641,0.0,-390.81,764.9
QQQ,us_etf,TF_EMA_Slope,trend_follow,FAIL,0.2729,0.1203,test,MEAN_REVERTING,5,0.0,-8.6889,0.0,-463.694,1842.54
QQQ,us_etf,TF_EMA_Slope,trend_follow,FAIL,0.2729,0.1203,test,TRENDING,63,1.2957,0.107,0.4444,83.824,4354.69
QQQ,us_etf,TF_EMA_Slope,trend_follow,FAIL,0.2729,0.1203,oos,HIGH_VOLATILITY,78,0.663,-0.1863,0.2692,-112.4877,10657.02
QQQ,us_etf,TF_EMA_Slope,trend_follow,FAIL,0.2729,0.1203,oos,LOW_VOLATILITY,6,0.3826,-0.4225,0.1667,-140.875,807.85
QQQ,us_etf,TF_EMA_Slope,trend_follow,FAIL,0.2729,0.1203,oos,MEAN_REVERTING,4,0.634,-0.1874,0.25,-145.14,1116.79
QQQ,us_etf,TF_EMA_Slope,trend_follow,FAIL,0.2729,0.1203,oos,TRENDING,83,1.8333,0.2813,0.5301,162.8877,2580.15
QQQ,us_etf,TF_Momentum,trend_follow,DEGRADED,0.2913,-0.0156,test,HIGH_VOLATILITY,49,0.5178,-0.2957,0.2653,-204.4965,9801.3
QQQ,us_etf,TF_Momentum,trend_follow,DEGRADED,0.2913,-0.0156,test,LOW_VOLATILITY,3,5.1373,0.6678,0.6667,528.18,0.0
QQQ,us_etf,TF_Momentum,trend_follow,DEGRADED,0.2913,-0.0156,test,MEAN_REVERTING,5,0.0,-8.6889,0.0,-463.694,1842.54
QQQ,us_etf,TF_Momentum,trend_follow,DEGRADED,0.2913,-0.0156,test,TRENDING,68,1.6112,0.1924,0.4559,161.2199,3167.59
QQQ,us_etf,TF_Momentum,trend_follow,DEGRADED,0.2913,-0.0156,oos,HIGH_VOLATILITY,72,0.5233,-0.2985,0.2361,-174.1376,12759.62
QQQ,us_etf,TF_Momentum,trend_follow,DEGRADED,0.2913,-0.0156,oos,LOW_VOLATILITY,4,5.7937,0.8146,0.75,318.7475,265.97
QQQ,us_etf,TF_Momentum,trend_follow,DEGRADED,0.2913,-0.0156,oos,MEAN_REVERTING,3,0.8477,-0.0649,0.3333,-60.22,691.72
QQQ,us_etf,TF_Momentum,trend_follow,DEGRADED,0.2913,-0.0156,oos,TRENDING,84,1.6161,0.2223,0.5,130.4505,5924.21
QQQ,us_etf,TF_Breakout_20,trend_follow,FAIL,0.2657,0.028,test,HIGH_VOLATILITY,33,0.693,-0.1658,0.3333,-104.7636,5452.21
QQQ,us_etf,TF_Breakout_20,trend_follow,FAIL,0.2657,0.028,test,MEAN_REVERTING,4,0.5502,-0.2544,0.25,-168.945,530.03
QQQ,us_etf,TF_Breakout_20,trend_follow,FAIL,0.2657,0.028,test,TRENDING,48,1.1719,0.0692,0.4167,45.6733,3821.61
QQQ,us_etf,TF_Breakout_20,trend_follow,FAIL,0.2657,0.028,oos,HIGH_VOLATILITY,48,0.5792,-0.2471,0.25,-143.5665,7358.32
QQQ,us_etf,TF_Breakout_20,trend_follow,FAIL,0.2657,0.028,oos,LOW_VOLATILITY,5,3.7827,0.5433,0.6,333.012,332.39
QQQ,us_etf,TF_Breakout_20,trend_follow,FAIL,0.2657,0.028,oos,MEAN_REVERTING,4,5.1862,0.7417,0.75,491.2075,0.0
QQQ,us_etf,TF_Breakout_20,trend_follow,FAIL,0.2657,0.028,oos,TRENDING,53,1.1296,0.0567,0.4528,32.453,6995.52
QQQ,us_etf,VOL_ATR_Expand,volatility,FAIL,0.0,3.4399,test,HIGH_VOLATILITY,9,0.3655,-0.4396,0.2222,-269.7211,2050.22
QQQ,us_etf,VOL_ATR_Expand,volatility,FAIL,0.0,3.4399,oos,HIGH_VOLATILITY,13,1.6228,0.2142,0.4615,120.2108,780.63
QQQ,us_etf,VOL_Range_Bkout,volatility,OOS_PASS,0.3088,0.5288,test,HIGH_VOLATILITY,5,1.0272,0.0107,0.4,5.684,703.88
QQQ,us_etf,VOL_Range_Bkout,volatility,OOS_PASS,0.3088,0.5288,test,LOW_VOLATILITY,6,1.0469,0.0153,0.1667,9.7367,775.64
QQQ,us_etf,VOL_Range_Bkout,volatility,OOS_PASS,0.3088,0.5288,oos,HIGH_VOLATILITY,6,2.182,0.3285,0.5,126.3583,279.48
QQQ,us_etf,VOL_Range_Bkout,volatility,OOS_PASS,0.3088,0.5288,oos,LOW_VOLATILITY,18,1.4402,0.1602,0.3889,63.75,1839.17
BTC,crypto,MR_BB_Stretch,mean_reversion,OOS_PASS,0.3674,0.0376,test,HIGH_VOLATILITY,318,1.2109,0.0788,0.3491,76.4754,8047.07
BTC,crypto,MR_BB_Stretch,mean_reversion,OOS_PASS,0.3674,0.0376,test,LOW_VOLATILITY,28,1.3493,0.1299,0.3929,91.4343,2019.6
BTC,crypto,MR_BB_Stretch,mean_reversion,OOS_PASS,0.3674,0.0376,test,MEAN_REVERTING,17,0.9207,-0.0318,0.2353,-29.1053,1793.75
BTC,crypto,MR_BB_Stretch,mean_reversion,OOS_PASS,0.3674,0.0376,test,TRENDING,333,1.0554,0.0226,0.3333,19.4093,11741.23
BTC,crypto,MR_BB_Stretch,mean_reversion,OOS_PASS,0.3674,0.0376,oos,HIGH_VOLATILITY,332,1.0659,0.0267,0.3313,22.66,10198.82
BTC,crypto,MR_BB_Stretch,mean_reversion,OOS_PASS,0.3674,0.0376,oos,LOW_VOLATILITY,43,1.1326,0.0539,0.3721,26.4814,1643.18
BTC,crypto,MR_BB_Stretch,mean_reversion,OOS_PASS,0.3674,0.0376,oos,MEAN_REVERTING,42,0.6044,-0.2263,0.2143,-156.2605,7835.59
BTC,crypto,MR_BB_Stretch,mean_reversion,OOS_PASS,0.3674,0.0376,oos,TRENDING,371,1.3682,0.1395,0.4151,116.339,7321.43
BTC,crypto,MR_EMA_Dist,mean_reversion,OOS_PASS,0.4988,0.0748,test,HIGH_VOLATILITY,388,1.1938,0.0723,0.3479,69.8497,11622.59
BTC,crypto,MR_EMA_Dist,mean_reversion,OOS_PASS,0.4988,0.0748,test,LOW_VOLATILITY,42,1.2886,0.1099,0.381,75.7005,3031.31
BTC,crypto,MR_EMA_Dist,mean_reversion,OOS_PASS,0.4988,0.0748,test,MEAN_REVERTING,20,0.4937,-0.2833,0.15,-258.761,5266.07
BTC,crypto,MR_EMA_Dist,mean_reversion,OOS_PASS,0.4988,0.0748,test,TRENDING,370,1.1013,0.0404,0.3432,35.3176,11075.7
BTC,crypto,MR_EMA_Dist,mean_reversion,OOS_PASS,0.4988,0.0748,oos,HIGH_VOLATILITY,414,1.0887,0.036,0.343,30.0572,14950.27
BTC,crypto,MR_EMA_Dist,mean_reversion,OOS_PASS,0.4988,0.0748,oos,LOW_VOLATILITY,44,1.5783,0.2005,0.4545,98.2602,1786.06
BTC,crypto,MR_EMA_Dist,mean_reversion,OOS_PASS,0.4988,0.0748,oos,MEAN_REVERTING,49,0.9135,-0.0411,0.3061,-30.7608,5474.13
BTC,crypto,MR_EMA_Dist,mean_reversion,OOS_PASS,0.4988,0.0748,oos,TRENDING,450,1.3625,0.137,0.4089,112.7886,6101.49
BTC,crypto,MR_RSI_Exhaust,mean_reversion,OOS_PASS,0.89,-0.0922,test,HIGH_VOLATILITY,227,1.4222,0.143,0.3612,146.2231,7519.15
BTC,crypto,MR_RSI_Exhaust,mean_reversion,OOS_PASS,0.89,-0.0922,test,LOW_VOLATILITY,43,1.3817,0.1439,0.4419,103.5058,2522.88
BTC,crypto,MR_RSI_Exhaust,mean_reversion,OOS_PASS,0.89,-0.0922,test,MEAN_REVERTING,17,0.8035,-0.0867,0.2353,-87.5518,3182.55
BTC,crypto,MR_RSI_Exhaust,mean_reversion,OOS_PASS,0.89,-0.0922,test,TRENDING,242,1.1606,0.0624,0.3554,54.9308,6871.05
BTC,crypto,MR_RSI_Exhaust,mean_reversion,OOS_PASS,0.89,-0.0922,oos,HIGH_VOLATILITY,253,1.1845,0.0696,0.3439,61.0008,10658.27
BTC,crypto,MR_RSI_Exhaust,mean_reversion,OOS_PASS,0.89,-0.0922,oos,LOW_VOLATILITY,41,0.5152,-0.2909,0.2195,-162.3017,6217.13
BTC,crypto,MR_RSI_Exhaust,mean_reversion,OOS_PASS,0.89,-0.0922,oos,MEAN_REVERTING,42,1.075,0.0324,0.3333,26.3752,5815.47
BTC,crypto,MR_RSI_Exhaust,mean_reversion,OOS_PASS,0.89,-0.0922,oos,TRENDING,316,1.2297,0.0918,0.3956,75.8219,10183.95
BTC,crypto,TF_EMA_Slope,trend_follow,DEGRADED,0.2209,-0.0784,test,HIGH_VOLATILITY,300,1.053,0.023,0.42,29.9493,16894.43
BTC,crypto,TF_EMA_Slope,trend_follow,DEGRADED,0.2209,-0.0784,test,LOW_VOLATILITY,24,1.9018,0.2749,0.4583,268.2675,2041.38
BTC,crypto,TF_EMA_Slope,trend_follow,DEGRADED,0.2209,-0.0784,test,MEAN_REVERTING,15,1.3163,0.1175,0.4667,157.8653,2063.85
BTC,crypto,TF_EMA_Slope,trend_follow,DEGRADED,0.2209,-0.0784,test,TRENDING,281,0.8978,-0.0479,0.3843,-57.0717,28142.13
BTC,crypto,TF_EMA_Slope,trend_follow,DEGRADED,0.2209,-0.0784,oos,HIGH_VOLATILITY,349,1.0489,0.0213,0.3926,24.1402,13117.71
BTC,crypto,TF_EMA_Slope,trend_follow,DEGRADED,0.2209,-0.0784,oos,LOW_VOLATILITY,22,1.0578,0.0252,0.3636,18.0541,3938.75
BTC,crypto,TF_EMA_Slope,trend_follow,DEGRADED,0.2209,-0.0784,oos,MEAN_REVERTING,26,0.5655,-0.2655,0.2692,-263.4642,8559.07
BTC,crypto,TF_EMA_Slope,trend_follow,DEGRADED,0.2209,-0.0784,oos,TRENDING,385,0.8448,-0.0763,0.3325,-80.8524,38993.57
BTC,crypto,TF_Momentum,trend_follow,DEGRADED,0.2755,-0.0974,test,HIGH_VOLATILITY,328,1.1058,0.0451,0.436,58.3565,19199.53
BTC,crypto,TF_Momentum,trend_follow,DEGRADED,0.2755,-0.0974,test,LOW_VOLATILITY,25,0.968,-0.0139,0.36,-12.9924,3394.72
BTC,crypto,TF_Momentum,trend_follow,DEGRADED,0.2755,-0.0974,test,MEAN_REVERTING,20,1.0732,0.0318,0.45,37.94,5403.34
BTC,crypto,TF_Momentum,trend_follow,DEGRADED,0.2755,-0.0974,test,TRENDING,310,0.9568,-0.0192,0.371,-22.7063,22094.55
BTC,crypto,TF_Momentum,trend_follow,DEGRADED,0.2755,-0.0974,oos,HIGH_VOLATILITY,345,1.0209,0.0091,0.3826,10.5303,14213.69
BTC,crypto,TF_Momentum,trend_follow,DEGRADED,0.2755,-0.0974,oos,LOW_VOLATILITY,27,0.8134,-0.0949,0.3333,-64.3711,5743.7
BTC,crypto,TF_Momentum,trend_follow,DEGRADED,0.2755,-0.0974,oos,MEAN_REVERTING,31,0.6163,-0.2265,0.2903,-231.6139,9703.65
BTC,crypto,TF_Momentum,trend_follow,DEGRADED,0.2755,-0.0974,oos,TRENDING,382,0.8916,-0.0523,0.3534,-55.0419,27842.63
BTC,crypto,TF_Breakout_20,trend_follow,FAIL,0.2637,-0.0506,test,HIGH_VOLATILITY,229,0.9235,-0.0356,0.3974,-42.5973,29030.61
BTC,crypto,TF_Breakout_20,trend_follow,FAIL,0.2637,-0.0506,test,LOW_VOLATILITY,26,0.7051,-0.1557,0.3462,-137.3169,7810.91
BTC,crypto,TF_Breakout_20,trend_follow,FAIL,0.2637,-0.0506,test,MEAN_REVERTING,7,1.7415,0.2483,0.5714,306.04,1530.75
BTC,crypto,TF_Breakout_20,trend_follow,FAIL,0.2637,-0.0506,test,TRENDING,220,1.0232,0.0099,0.3864,11.5908,11608.93
BTC,crypto,TF_Breakout_20,trend_follow,FAIL,0.2637,-0.0506,oos,HIGH_VOLATILITY,262,0.9371,-0.0289,0.3779,-30.5999,16132.05
BTC,crypto,TF_Breakout_20,trend_follow,FAIL,0.2637,-0.0506,oos,LOW_VOLATILITY,29,1.2751,0.1075,0.3793,80.2341,2827.51
BTC,crypto,TF_Breakout_20,trend_follow,FAIL,0.2637,-0.0506,oos,MEAN_REVERTING,24,0.75,-0.1357,0.3333,-137.9117,8061.28
BTC,crypto,TF_Breakout_20,trend_follow,FAIL,0.2637,-0.0506,oos,TRENDING,278,0.8923,-0.0512,0.3525,-53.4865,38218.36
BTC,crypto,VOL_ATR_Expand,volatility,OOS_PASS,0.4489,0.1072,test,HIGH_VOLATILITY,112,1.2008,0.0778,0.3661,91.7905,6744.14
BTC,crypto,VOL_ATR_Expand,volatility,OOS_PASS,0.4489,0.1072,oos,HIGH_VOLATILITY,121,1.3295,0.1215,0.3967,110.6531,5898.82
BTC,crypto,VOL_Range_Bkout,volatility,OOS_PASS,0.3622,0.0426,test,HIGH_VOLATILITY,91,0.9396,-0.0237,0.2308,-17.9553,6365.73
BTC,crypto,VOL_Range_Bkout,volatility,OOS_PASS,0.3622,0.0426,test,LOW_VOLATILITY,84,1.136,0.0519,0.3214,40.6307,4511.63
BTC,crypto,VOL_Range_Bkout,volatility,OOS_PASS,0.3622,0.0426,oos,HIGH_VOLATILITY,84,1.5896,0.1921,0.3571,128.2125,3869.32
BTC,crypto,VOL_Range_Bkout,volatility,OOS_PASS,0.3622,0.0426,oos,LOW_VOLATILITY,94,0.719,-0.1427,0.2447,-77.7483,7672.74
DXY,forex_index,MR_BB_Stretch,mean_reversion,OOS_PASS,0.6327,-0.1037,test,HIGH_VOLATILITY,162,1.1651,0.0645,0.3519,13.9543,2028.64
DXY,forex_index,MR_BB_Stretch,mean_reversion,OOS_PASS,0.6327,-0.1037,test,LOW_VOLATILITY,67,0.9495,-0.022,0.3134,-2.9725,798.24
DXY,forex_index,MR_BB_Stretch,mean_reversion,OOS_PASS,0.6327,-0.1037,test,MEAN_REVERTING,18,1.9467,0.3069,0.5,58.7456,261.72
DXY,forex_index,MR_BB_Stretch,mean_reversion,OOS_PASS,0.6327,-0.1037,test,TRENDING,213,1.2321,0.0899,0.3756,19.1874,2585.42
DXY,forex_index,MR_BB_Stretch,mean_reversion,OOS_PASS,0.6327,-0.1037,oos,HIGH_VOLATILITY,207,1.0068,0.003,0.3333,0.4974,2330.59
DXY,forex_index,MR_BB_Stretch,mean_reversion,OOS_PASS,0.6327,-0.1037,oos,LOW_VOLATILITY,47,1.5056,0.1855,0.4255,21.0966,343.93
DXY,forex_index,MR_BB_Stretch,mean_reversion,OOS_PASS,0.6327,-0.1037,oos,MEAN_REVERTING,26,0.6578,-0.1855,0.2308,-25.2438,702.71
DXY,forex_index,MR_BB_Stretch,mean_reversion,OOS_PASS,0.6327,-0.1037,oos,TRENDING,258,1.131,0.0555,0.3643,8.5537,1460.77
DXY,forex_index,MR_EMA_Dist,mean_reversion,OOS_PASS,0.8468,-0.1252,test,HIGH_VOLATILITY,205,1.1425,0.0571,0.3512,12.4165,2549.77
DXY,forex_index,MR_EMA_Dist,mean_reversion,OOS_PASS,0.8468,-0.1252,test,LOW_VOLATILITY,67,1.4531,0.1591,0.403,22.2121,744.5
DXY,forex_index,MR_EMA_Dist,mean_reversion,OOS_PASS,0.8468,-0.1252,test,MEAN_REVERTING,21,1.6718,0.2374,0.4762,44.6495,529.78
DXY,forex_index,MR_EMA_Dist,mean_reversion,OOS_PASS,0.8468,-0.1252,test,TRENDING,253,1.1078,0.0444,0.3557,9.1297,2939.08
DXY,forex_index,MR_EMA_Dist,mean_reversion,OOS_PASS,0.8468,-0.1252,oos,HIGH_VOLATILITY,253,1.0041,0.0018,0.332,0.3011,2793.78
DXY,forex_index,MR_EMA_Dist,mean_reversion,OOS_PASS,0.8468,-0.1252,oos,LOW_VOLATILITY,60,1.0718,0.0315,0.35,3.3975,553.43
DXY,forex_index,MR_EMA_Dist,mean_reversion,OOS_PASS,0.8468,-0.1252,oos,MEAN_REVERTING,36,0.5349,-0.2814,0.1944,-36.0058,1388.28
DXY,forex_index,MR_EMA_Dist,mean_reversion,OOS_PASS,0.8468,-0.1252,oos,TRENDING,325,1.0893,0.0383,0.3477,5.8932,1940.28
DXY,forex_index,MR_RSI_Exhaust,mean_reversion,OOS_PASS,0.8441,-0.1085,test,HIGH_VOLATILITY,134,1.1382,0.0534,0.3284,12.2778,1834.71
DXY,forex_index,MR_RSI_Exhaust,mean_reversion,OOS_PASS,0.8441,-0.1085,test,LOW_VOLATILITY,62,1.3841,0.1409,0.4032,19.7874,605.65
DXY,forex_index,MR_RSI_Exhaust,mean_reversion,OOS_PASS,0.8441,-0.1085,test,MEAN_REVERTING,19,1.0316,0.0139,0.3158,2.7595,707.21
DXY,forex_index,MR_RSI_Exhaust,mean_reversion,OOS_PASS,0.8441,-0.1085,test,TRENDING,204,1.2239,0.0871,0.3775,18.2274,1779.14
DXY,forex_index,MR_RSI_Exhaust,mean_reversion,OOS_PASS,0.8441,-0.1085,oos,HIGH_VOLATILITY,164,1.1972,0.0803,0.3841,14.1513,1159.01
DXY,forex_index,MR_RSI_Exhaust,mean_reversion,OOS_PASS,0.8441,-0.1085,oos,LOW_VOLATILITY,50,1.1152,0.0494,0.36,5.3482,430.65
DXY,forex_index,MR_RSI_Exhaust,mean_reversion,OOS_PASS,0.8441,-0.1085,oos,MEAN_REVERTING,27,0.4347,-0.3798,0.1852,-46.5163,1061.15
DXY,forex_index,MR_RSI_Exhaust,mean_reversion,OOS_PASS,0.8441,-0.1085,oos,TRENDING,225,1.0554,0.0243,0.3422,3.7468,2735.31
DXY,forex_index,TF_EMA_Slope,trend_follow,OOS_PASS,0.2237,0.1287,test,HIGH_VOLATILITY,188,1.0215,0.0097,0.3936,2.684,3853.07
DXY,forex_index,TF_EMA_Slope,trend_follow,OOS_PASS,0.2237,0.1287,test,LOW_VOLATILITY,46,0.8002,-0.0988,0.3043,-16.0957,1627.18
DXY,forex_index,TF_EMA_Slope,trend_follow,OOS_PASS,0.2237,0.1287,test,MEAN_REVERTING,9,0.9042,-0.0449,0.3333,-11.6233,581.03
DXY,forex_index,TF_EMA_Slope,trend_follow,OOS_PASS,0.2237,0.1287,test,TRENDING,207,1.0387,0.017,0.372,4.6548,3708.41
DXY,forex_index,TF_EMA_Slope,trend_follow,OOS_PASS,0.2237,0.1287,oos,HIGH_VOLATILITY,219,1.0952,0.0419,0.3973,9.8147,1982.35
DXY,forex_index,TF_EMA_Slope,trend_follow,OOS_PASS,0.2237,0.1287,oos,LOW_VOLATILITY,36,1.3445,0.1325,0.4167,20.9844,578.9
DXY,forex_index,TF_EMA_Slope,trend_follow,OOS_PASS,0.2237,0.1287,oos,MEAN_REVERTING,16,5.4547,0.8222,0.75,154.1375,252.54
DXY,forex_index,TF_EMA_Slope,trend_follow,OOS_PASS,0.2237,0.1287,oos,TRENDING,254,1.0684,0.031,0.3976,6.5094,2046.59
DXY,forex_index,TF_Momentum,trend_follow,OOS_PASS,0.2465,-0.0013,test,HIGH_VOLATILITY,180,1.0926,0.04,0.4,11.3713,3209.85
DXY,forex_index,TF_Momentum,trend_follow,OOS_PASS,0.2465,-0.0013,test,LOW_VOLATILITY,47,0.6026,-0.2355,0.2766,-35.1413,2263.23
DXY,forex_index,TF_Momentum,trend_follow,OOS_PASS,0.2465,-0.0013,test,MEAN_REVERTING,11,1.0147,0.0066,0.3636,1.6555,589.82
DXY,forex_index,TF_Momentum,trend_follow,OOS_PASS,0.2465,-0.0013,test,TRENDING,217,1.026,0.0114,0.3687,3.152,2849.82
DXY,forex_index,TF_Momentum,trend_follow,OOS_PASS,0.2465,-0.0013,oos,HIGH_VOLATILITY,223,0.962,-0.0178,0.3632,-4.1063,2975.28
DXY,forex_index,TF_Momentum,trend_follow,OOS_PASS,0.2465,-0.0013,oos,LOW_VOLATILITY,32,0.709,-0.1586,0.3125,-21.6459,745.08
DXY,forex_index,TF_Momentum,trend_follow,OOS_PASS,0.2465,-0.0013,oos,MEAN_REVERTING,21,2.6904,0.4683,0.619,99.8138,184.93
DXY,forex_index,TF_Momentum,trend_follow,OOS_PASS,0.2465,-0.0013,oos,TRENDING,277,1.0207,0.0096,0.3755,2.0008,4367.63
DXY,forex_index,TF_Breakout_20,trend_follow,FAIL,0.362,-0.0009,test,HIGH_VOLATILITY,149,0.9142,-0.0409,0.396,-11.0762,4928.41
DXY,forex_index,TF_Breakout_20,trend_follow,FAIL,0.362,-0.0009,test,LOW_VOLATILITY,30,0.6272,-0.2029,0.2667,-39.7113,1599.99
DXY,forex_index,TF_Breakout_20,trend_follow,FAIL,0.362,-0.0009,test,MEAN_REVERTING,6,0.9233,-0.0345,0.3333,-9.22,426.11
DXY,forex_index,TF_Breakout_20,trend_follow,FAIL,0.362,-0.0009,test,TRENDING,159,1.0211,0.0093,0.3648,2.5472,2479.1
DXY,forex_index,TF_Breakout_20,trend_follow,FAIL,0.362,-0.0009,oos,HIGH_VOLATILITY,160,0.8888,-0.0541,0.35,-12.5868,2650.56
DXY,forex_index,TF_Breakout_20,trend_follow,FAIL,0.362,-0.0009,oos,LOW_VOLATILITY,27,0.8489,-0.0749,0.3333,-10.7311,881.28
DXY,forex_index,TF_Breakout_20,trend_follow,FAIL,0.362,-0.0009,oos,MEAN_REVERTING,14,2.4266,0.4026,0.5714,82.5607,276.11
DXY,forex_index,TF_Breakout_20,trend_follow,FAIL,0.362,-0.0009,oos,TRENDING,191,0.9351,-0.0312,0.356,-6.3874,2565.07
DXY,forex_index,VOL_ATR_Expand,volatility,DEGRADED,0.2438,-0.2287,test,HIGH_VOLATILITY,56,1.0604,0.0254,0.3393,6.3955,2102.66
DXY,forex_index,VOL_ATR_Expand,volatility,DEGRADED,0.2438,-0.2287,oos,HIGH_VOLATILITY,50,0.8179,-0.0918,0.3,-19.2768,1623.13
DXY,forex_index,VOL_Range_Bkout,volatility,OOS_PASS,0.2403,0.2344,test,HIGH_VOLATILITY,59,1.1951,0.0775,0.322,10.6527,622.44
DXY,forex_index,VOL_Range_Bkout,volatility,OOS_PASS,0.2403,0.2344,test,LOW_VOLATILITY,138,0.9665,-0.0149,0.3116,-2.1057,2583.03
DXY,forex_index,VOL_Range_Bkout,volatility,OOS_PASS,0.2403,0.2344,oos,HIGH_VOLATILITY,58,1.1172,0.0481,0.3103,5.7402,713.16
DXY,forex_index,VOL_Range_Bkout,volatility,OOS_PASS,0.2403,0.2344,oos,LOW_VOLATILITY,108,1.3555,0.1338,0.3611,16.5533,632.86
