key,asset,hypothesis,streak_length,n_observations,n_loss_follows,p_loss,p_win,risk_elevated
BTC_MR_RSI_Exhaust,BTC,MR_RSI_Exhaust,1,909,585,0.6434,0.3566,False
BTC_MR_RSI_Exhaust,BTC,MR_RSI_Exhaust,2,585,362,0.6186,0.3814,False
BTC_MR_RSI_Exhaust,BTC,MR_RSI_Exhaust,3,362,219,0.6047,0.3953,False
BTC_MR_RSI_Exhaust,BTC,MR_RSI_Exhaust,4,219,126,0.575,0.425,False
BTC_MR_RSI_Exhaust,BTC,MR_RSI_Exhaust,5,126,70,0.5551,0.4449,False
BTC_MR_RSI_Exhaust,BTC,MR_RSI_Exhaust,6,70,35,0.5,0.5,False
BTC_MR_RSI_Exhaust,BTC,MR_RSI_Exhaust,7,35,15,0.4306,0.5694,False
NASDAQ_VOL_ATR_Expand,NASDAQ,VOL_ATR_Expand,1,87,55,0.6307,0.3693,False
NASDAQ_VOL_ATR_Expand,NASDAQ,VOL_ATR_Expand,2,55,35,0.6339,0.3661,False
NASDAQ_VOL_ATR_Expand,NASDAQ,VOL_ATR_Expand,3,35,19,0.5417,0.4583,False
NASDAQ_VOL_ATR_Expand,NASDAQ,VOL_ATR_Expand,4,19,12,0.625,0.375,False
NASDAQ_VOL_ATR_Expand,NASDAQ,VOL_ATR_Expand,5,12,9,0.7308,0.2692,True
NASDAQ_VOL_ATR_Expand,NASDAQ,VOL_ATR_Expand,6,9,7,0.75,0.25,True
NASDAQ_VOL_ATR_Expand,NASDAQ,VOL_ATR_Expand,7,7,5,0.6875,0.3125,True
GOLD_TF_Momentum,GOLD,TF_Momentum,1,606,348,0.5741,0.4259,False
GOLD_TF_Momentum,GOLD,TF_Momentum,2,348,209,0.6003,0.3997,False
GOLD_TF_Momentum,GOLD,TF_Momentum,3,209,120,0.5738,0.4262,False
GOLD_TF_Momentum,GOLD,TF_Momentum,4,120,69,0.5744,0.4256,False
GOLD_TF_Momentum,GOLD,TF_Momentum,5,69,43,0.6214,0.3786,False
GOLD_TF_Momentum,GOLD,TF_Momentum,6,43,30,0.6932,0.3068,True
GOLD_TF_Momentum,GOLD,TF_Momentum,7,30,19,0.629,0.371,False
DXY_MR_EMA_Dist,DXY,MR_EMA_Dist,1,930,599,0.6439,0.3561,False
DXY_MR_EMA_Dist,DXY,MR_EMA_Dist,2,598,391,0.6536,0.3464,True
DXY_MR_EMA_Dist,DXY,MR_EMA_Dist,3,391,262,0.6696,0.3304,True
DXY_MR_EMA_Dist,DXY,MR_EMA_Dist,4,262,171,0.6521,0.3479,True
DXY_MR_EMA_Dist,DXY,MR_EMA_Dist,5,171,108,0.6308,0.3692,False
DXY_MR_EMA_Dist,DXY,MR_EMA_Dist,6,108,65,0.6009,0.3991,False
DXY_MR_EMA_Dist,DXY,MR_EMA_Dist,7,65,40,0.6136,0.3864,False
DXY_MR_RSI_Exhaust,DXY,MR_RSI_Exhaust,1,685,450,0.6567,0.3433,True
DXY_MR_RSI_Exhaust,DXY,MR_RSI_Exhaust,2,450,296,0.6574,0.3426,True
DXY_MR_RSI_Exhaust,DXY,MR_RSI_Exhaust,3,296,193,0.6515,0.3485,True
DXY_MR_RSI_Exhaust,DXY,MR_RSI_Exhaust,4,193,126,0.6521,0.3479,True
DXY_MR_RSI_Exhaust,DXY,MR_RSI_Exhaust,5,126,85,0.6732,0.3268,True
DXY_MR_RSI_Exhaust,DXY,MR_RSI_Exhaust,6,85,54,0.6337,0.3663,False
DXY_MR_RSI_Exhaust,DXY,MR_RSI_Exhaust,7,54,35,0.6455,0.3545,False
EURUSD_MR_RSI_Exhaust,EURUSD,MR_RSI_Exhaust,1,553,352,0.6363,0.3637,False
EURUSD_MR_RSI_Exhaust,EURUSD,MR_RSI_Exhaust,2,351,222,0.6321,0.3679,False
EURUSD_MR_RSI_Exhaust,EURUSD,MR_RSI_Exhaust,3,221,135,0.6104,0.3896,False
EURUSD_MR_RSI_Exhaust,EURUSD,MR_RSI_Exhaust,4,134,85,0.6333,0.3667,False
EURUSD_MR_RSI_Exhaust,EURUSD,MR_RSI_Exhaust,5,85,51,0.5988,0.4012,False
EURUSD_MR_RSI_Exhaust,EURUSD,MR_RSI_Exhaust,6,51,31,0.6058,0.3942,False
EURUSD_MR_RSI_Exhaust,EURUSD,MR_RSI_Exhaust,7,31,20,0.6406,0.3594,False
EURUSD_MR_EMA_Dist,EURUSD,MR_EMA_Dist,1,1029,640,0.6218,0.3782,False
EURUSD_MR_EMA_Dist,EURUSD,MR_EMA_Dist,2,639,406,0.6352,0.3648,False
EURUSD_MR_EMA_Dist,EURUSD,MR_EMA_Dist,3,406,248,0.6106,0.3894,False
EURUSD_MR_EMA_Dist,EURUSD,MR_EMA_Dist,4,248,143,0.5763,0.4237,False
EURUSD_MR_EMA_Dist,EURUSD,MR_EMA_Dist,5,143,79,0.5521,0.4479,False
EURUSD_MR_EMA_Dist,EURUSD,MR_EMA_Dist,6,79,50,0.6312,0.3688,False
EURUSD_MR_EMA_Dist,EURUSD,MR_EMA_Dist,7,50,33,0.6569,0.3431,True
ITUB4_MR_RSI_Exhaust,ITUB4,MR_RSI_Exhaust,1,250,174,0.6952,0.3048,True
ITUB4_MR_RSI_Exhaust,ITUB4,MR_RSI_Exhaust,2,173,126,0.727,0.273,True
ITUB4_MR_RSI_Exhaust,ITUB4,MR_RSI_Exhaust,3,125,88,0.7024,0.2976,True
ITUB4_MR_RSI_Exhaust,ITUB4,MR_RSI_Exhaust,4,87,61,0.6989,0.3011,True
ITUB4_MR_RSI_Exhaust,ITUB4,MR_RSI_Exhaust,5,60,43,0.7131,0.2869,True
ITUB4_MR_RSI_Exhaust,ITUB4,MR_RSI_Exhaust,6,42,30,0.7093,0.2907,True
ITUB4_MR_RSI_Exhaust,ITUB4,MR_RSI_Exhaust,7,29,20,0.6833,0.3167,True
BTC_MR_EMA_Dist,BTC,MR_EMA_Dist,1,1334,852,0.6386,0.3614,False
BTC_MR_EMA_Dist,BTC,MR_EMA_Dist,2,852,543,0.6372,0.3628,False
BTC_MR_EMA_Dist,BTC,MR_EMA_Dist,3,543,336,0.6186,0.3814,False
BTC_MR_EMA_Dist,BTC,MR_EMA_Dist,4,336,197,0.5861,0.4139,False
BTC_MR_EMA_Dist,BTC,MR_EMA_Dist,5,197,113,0.5732,0.4268,False
BTC_MR_EMA_Dist,BTC,MR_EMA_Dist,6,113,62,0.5482,0.4518,False
BTC_MR_EMA_Dist,BTC,MR_EMA_Dist,7,62,32,0.5159,0.4841,False
PETR4_TF_EMA_Slope,PETR4,TF_EMA_Slope,1,199,108,0.5425,0.4575,False
PETR4_TF_EMA_Slope,PETR4,TF_EMA_Slope,2,108,63,0.5826,0.4174,False
PETR4_TF_EMA_Slope,PETR4,TF_EMA_Slope,3,63,33,0.5234,0.4766,False
PETR4_TF_EMA_Slope,PETR4,TF_EMA_Slope,4,33,18,0.5441,0.4559,False
PETR4_TF_EMA_Slope,PETR4,TF_EMA_Slope,5,18,10,0.5526,0.4474,False
PETR4_TF_EMA_Slope,PETR4,TF_EMA_Slope,6,10,7,0.6818,0.3182,True
PETR4_TF_EMA_Slope,PETR4,TF_EMA_Slope,7,7,5,0.6875,0.3125,True
GOLD_TF_EMA_Slope,GOLD,TF_EMA_Slope,1,587,352,0.5995,0.4005,False
GOLD_TF_EMA_Slope,GOLD,TF_EMA_Slope,2,352,219,0.6218,0.3782,False
GOLD_TF_EMA_Slope,GOLD,TF_EMA_Slope,3,219,137,0.625,0.375,False
GOLD_TF_EMA_Slope,GOLD,TF_EMA_Slope,4,137,83,0.6051,0.3949,False
GOLD_TF_EMA_Slope,GOLD,TF_EMA_Slope,5,83,51,0.6131,0.3869,False
GOLD_TF_EMA_Slope,GOLD,TF_EMA_Slope,6,51,32,0.625,0.375,False
GOLD_TF_EMA_Slope,GOLD,TF_EMA_Slope,7,32,16,0.5,0.5,False
SPY_MR_BB_Stretch,SPY,MR_BB_Stretch,1,250,157,0.6275,0.3725,False
SPY_MR_BB_Stretch,SPY,MR_BB_Stretch,2,157,99,0.6297,0.3703,False
SPY_MR_BB_Stretch,SPY,MR_BB_Stretch,3,99,63,0.635,0.365,False
SPY_MR_BB_Stretch,SPY,MR_BB_Stretch,4,63,41,0.6484,0.3516,False
SPY_MR_BB_Stretch,SPY,MR_BB_Stretch,5,41,27,0.6548,0.3452,True
SPY_MR_BB_Stretch,SPY,MR_BB_Stretch,6,27,17,0.625,0.375,False
SPY_MR_BB_Stretch,SPY,MR_BB_Stretch,7,17,11,0.6389,0.3611,False
