from_regime,to_regime,n_events,n_pre_trades,n_post_trades,pf_pre,pf_post,delta_pf,recovery_bars,degrades,asset,hypothesis
TRENDING,HIGH_VOLATILITY,874,490,515,1.152,1.254,0.102,7.5,False,BTC,MR_RSI_Exhaust
HIGH_VOLATILITY,TRENDING,865,502,415,1.238,1.107,-0.1312,6.0,True,BTC,MR_RSI_Exhaust
LOW_VOLATILITY,TRENDING,175,43,143,1.175,1.108,-0.0665,7.5,True,BTC,MR_RSI_Exhaust
HIGH_VOLATILITY,LOW_VOLATILITY,168,62,27,1.886,0.668,-1.218,3.4,True,BTC,MR_RSI_Exhaust
LOW_VOLATILITY,HIGH_VOLATILITY,165,42,76,0.536,1.54,1.0031,6.9,False,BTC,MR_RSI_Exhaust
TRENDING,LOW_VOLATILITY,165,65,58,1.375,0.844,-0.5304,4.6,True,BTC,MR_RSI_Exhaust
TRENDING,MEAN_REVERTING,88,54,57,0.841,0.813,-0.0278,4.4,False,BTC,MR_RSI_Exhaust
MEAN_REVERTING,TRENDING,87,49,51,0.594,1.746,1.1524,6.8,False,BTC,MR_RSI_Exhaust
HIGH_VOLATILITY,MEAN_REVERTING,77,74,15,1.071,1.284,0.2137,3.1,False,BTC,MR_RSI_Exhaust
MEAN_REVERTING,HIGH_VOLATILITY,72,22,47,1.324,1.157,-0.167,9.4,True,BTC,MR_RSI_Exhaust
MEAN_REVERTING,LOW_VOLATILITY,12,5,4,1.815,,,,,BTC,MR_RSI_Exhaust
LOW_VOLATILITY,MEAN_REVERTING,5,4,3,,,,,,BTC,MR_RSI_Exhaust
HIGH_VOLATILITY,TRENDING,516,133,0,1.486,,,,,NASDAQ,VOL_ATR_Expand
TRENDING,HIGH_VOLATILITY,512,0,118,,1.452,,,,NASDAQ,VOL_ATR_Expand
LOW_VOLATILITY,TRENDING,210,0,0,,,,,,NASDAQ,VOL_ATR_Expand
TRENDING,LOW_VOLATILITY,209,0,0,,,,,,NASDAQ,VOL_ATR_Expand
LOW_VOLATILITY,HIGH_VOLATILITY,142,0,22,,1.052,,,,NASDAQ,VOL_ATR_Expand
HIGH_VOLATILITY,LOW_VOLATILITY,132,9,0,3.153,,,,,NASDAQ,VOL_ATR_Expand
TRENDING,MEAN_REVERTING,59,0,0,,,,,,NASDAQ,VOL_ATR_Expand
MEAN_REVERTING,TRENDING,54,0,0,,,,,,NASDAQ,VOL_ATR_Expand
HIGH_VOLATILITY,MEAN_REVERTING,43,11,0,0.841,,,,,NASDAQ,VOL_ATR_Expand
MEAN_REVERTING,HIGH_VOLATILITY,38,0,13,,2.018,,,,NASDAQ,VOL_ATR_Expand
MEAN_REVERTING,LOW_VOLATILITY,19,0,0,,,,,,NASDAQ,VOL_ATR_Expand
LOW_VOLATILITY,MEAN_REVERTING,8,0,0,,,,,,NASDAQ,VOL_ATR_Expand
HIGH_VOLATILITY,TRENDING,570,361,408,0.874,1.272,0.3979,7.5,False,GOLD,TF_Momentum
TRENDING,HIGH_VOLATILITY,555,399,354,1.412,0.871,-0.5405,7.1,True,GOLD,TF_Momentum
TRENDING,LOW_VOLATILITY,129,61,23,1.08,2.416,1.3353,4.1,False,GOLD,TF_Momentum
LOW_VOLATILITY,TRENDING,122,24,101,1.183,1.455,0.2719,7.5,False,GOLD,TF_Momentum
LOW_VOLATILITY,HIGH_VOLATILITY,74,8,28,2.999,0.66,-2.3391,4.7,True,GOLD,TF_Momentum
HIGH_VOLATILITY,LOW_VOLATILITY,65,25,10,0.615,0.54,-0.0755,2.6,True,GOLD,TF_Momentum
TRENDING,MEAN_REVERTING,64,83,24,1.123,1.582,0.4587,4.4,False,GOLD,TF_Momentum
MEAN_REVERTING,TRENDING,57,23,34,1.596,1.738,0.1429,7.1,False,GOLD,TF_Momentum
MEAN_REVERTING,HIGH_VOLATILITY,45,11,34,2.776,0.831,-1.945,8.3,True,GOLD,TF_Momentum
HIGH_VOLATILITY,MEAN_REVERTING,39,30,9,0.822,2.465,1.643,2.7,False,GOLD,TF_Momentum
MEAN_REVERTING,LOW_VOLATILITY,9,1,0,,,,,,GOLD,TF_Momentum
LOW_VOLATILITY,MEAN_REVERTING,7,1,1,,,,,,GOLD,TF_Momentum
TRENDING,HIGH_VOLATILITY,546,468,421,1.109,1.185,0.0757,6.7,False,DXY,MR_EMA_Dist
HIGH_VOLATILITY,TRENDING,543,459,332,1.252,1.038,-0.2142,5.8,True,DXY,MR_EMA_Dist
LOW_VOLATILITY,TRENDING,202,93,316,0.889,1.055,0.1655,9.2,False,DXY,MR_EMA_Dist
TRENDING,LOW_VOLATILITY,199,164,74,0.922,1.02,0.0977,4.3,False,DXY,MR_EMA_Dist
HIGH_VOLATILITY,LOW_VOLATILITY,121,59,37,1.147,0.792,-0.3553,3.1,True,DXY,MR_EMA_Dist
LOW_VOLATILITY,HIGH_VOLATILITY,115,18,103,1.389,1.714,0.3258,6.4,False,DXY,MR_EMA_Dist
MEAN_REVERTING,TRENDING,67,33,47,1.01,0.888,-0.1222,6.1,True,DXY,MR_EMA_Dist
TRENDING,MEAN_REVERTING,67,63,39,0.839,0.843,0.0043,4.8,False,DXY,MR_EMA_Dist
MEAN_REVERTING,HIGH_VOLATILITY,51,26,47,1.212,1.091,-0.1209,5.9,True,DXY,MR_EMA_Dist
HIGH_VOLATILITY,MEAN_REVERTING,47,53,10,1.265,0.861,-0.4036,2.5,True,DXY,MR_EMA_Dist
LOW_VOLATILITY,MEAN_REVERTING,12,4,12,,2.491,,,,DXY,MR_EMA_Dist
MEAN_REVERTING,LOW_VOLATILITY,9,2,4,,,,,,DXY,MR_EMA_Dist
TRENDING,HIGH_VOLATILITY,546,338,292,1.156,1.293,0.1368,6.7,False,DXY,MR_RSI_Exhaust
HIGH_VOLATILITY,TRENDING,543,292,241,1.264,1.103,-0.161,5.8,True,DXY,MR_RSI_Exhaust
LOW_VOLATILITY,TRENDING,202,83,232,0.661,1.048,0.3864,9.2,False,DXY,MR_RSI_Exhaust
TRENDING,LOW_VOLATILITY,199,125,84,0.944,0.931,-0.0132,4.3,False,DXY,MR_RSI_Exhaust
HIGH_VOLATILITY,LOW_VOLATILITY,121,62,28,1.456,0.708,-0.748,3.1,True,DXY,MR_RSI_Exhaust
LOW_VOLATILITY,HIGH_VOLATILITY,115,26,60,1.432,1.488,0.0557,6.4,False,DXY,MR_RSI_Exhaust
MEAN_REVERTING,TRENDING,67,35,34,1.182,1.067,-0.1156,6.1,True,DXY,MR_RSI_Exhaust
TRENDING,MEAN_REVERTING,67,44,38,0.88,1.386,0.5062,4.8,False,DXY,MR_RSI_Exhaust
MEAN_REVERTING,HIGH_VOLATILITY,51,25,31,1.091,0.908,-0.1827,5.9,True,DXY,MR_RSI_Exhaust
HIGH_VOLATILITY,MEAN_REVERTING,47,29,17,1.079,0.938,-0.1407,2.5,True,DXY,MR_RSI_Exhaust
LOW_VOLATILITY,MEAN_REVERTING,12,6,8,2.379,0.565,-1.814,3.8,True,DXY,MR_RSI_Exhaust
MEAN_REVERTING,LOW_VOLATILITY,9,3,3,,,,,,DXY,MR_RSI_Exhaust
HIGH_VOLATILITY,TRENDING,198,82,150,0.786,1.653,0.8675,11.2,False,EURUSD,MR_RSI_Exhaust
TRENDING,HIGH_VOLATILITY,196,167,81,1.617,0.901,-0.7158,5.3,True,EURUSD,MR_RSI_Exhaust
LOW_VOLATILITY,TRENDING,164,58,151,1.131,1.23,0.0988,11.5,False,EURUSD,MR_RSI_Exhaust
TRENDING,LOW_VOLATILITY,162,135,56,1.082,1.232,0.1498,4.9,False,EURUSD,MR_RSI_Exhaust
MEAN_REVERTING,HIGH_VOLATILITY,137,141,58,2.067,1.469,-0.5982,5.8,True,EURUSD,MR_RSI_Exhaust
HIGH_VOLATILITY,MEAN_REVERTING,130,50,109,2.401,1.144,-1.2563,12.0,True,EURUSD,MR_RSI_Exhaust
LOW_VOLATILITY,MEAN_REVERTING,97,37,118,1.113,1.002,-0.1111,13.1,True,EURUSD,MR_RSI_Exhaust
MEAN_REVERTING,LOW_VOLATILITY,95,58,34,1.1,1.087,-0.0124,5.4,False,EURUSD,MR_RSI_Exhaust
TRENDING,MEAN_REVERTING,63,70,65,1.231,1.599,0.3679,13.9,False,EURUSD,MR_RSI_Exhaust
MEAN_REVERTING,TRENDING,59,97,71,0.745,0.832,0.0872,16.1,False,EURUSD,MR_RSI_Exhaust
HIGH_VOLATILITY,LOW_VOLATILITY,15,8,6,0.711,0.58,-0.1308,4.9,True,EURUSD,MR_RSI_Exhaust
LOW_VOLATILITY,HIGH_VOLATILITY,10,1,1,,,,,,EURUSD,MR_RSI_Exhaust
HIGH_VOLATILITY,TRENDING,198,169,272,1.149,1.448,0.2992,11.2,False,EURUSD,MR_EMA_Dist
TRENDING,HIGH_VOLATILITY,196,364,157,1.373,1.144,-0.2294,5.3,True,EURUSD,MR_EMA_Dist
LOW_VOLATILITY,TRENDING,164,83,289,1.475,1.16,-0.3154,11.5,True,EURUSD,MR_EMA_Dist
TRENDING,LOW_VOLATILITY,162,238,71,1.015,1.306,0.2916,4.9,False,EURUSD,MR_EMA_Dist
MEAN_REVERTING,HIGH_VOLATILITY,137,287,115,1.547,1.419,-0.1282,5.8,True,EURUSD,MR_EMA_Dist
HIGH_VOLATILITY,MEAN_REVERTING,130,92,202,1.964,1.037,-0.9272,12.0,True,EURUSD,MR_EMA_Dist
LOW_VOLATILITY,MEAN_REVERTING,97,46,216,0.637,1.075,0.4375,13.1,False,EURUSD,MR_EMA_Dist
MEAN_REVERTING,LOW_VOLATILITY,95,99,49,0.823,0.799,-0.0238,5.4,False,EURUSD,MR_EMA_Dist
TRENDING,MEAN_REVERTING,63,111,125,1.411,1.329,-0.0826,13.9,True,EURUSD,MR_EMA_Dist
MEAN_REVERTING,TRENDING,59,163,152,0.893,0.994,0.1009,16.1,False,EURUSD,MR_EMA_Dist
HIGH_VOLATILITY,LOW_VOLATILITY,15,13,11,0.468,2.013,1.5446,4.9,False,EURUSD,MR_EMA_Dist
LOW_VOLATILITY,HIGH_VOLATILITY,10,2,2,,,,,,EURUSD,MR_EMA_Dist
HIGH_VOLATILITY,TRENDING,192,78,186,0.996,0.964,-0.032,11.1,False,ITUB4,MR_RSI_Exhaust
TRENDING,HIGH_VOLATILITY,188,210,72,1.156,0.952,-0.2039,6.0,True,ITUB4,MR_RSI_Exhaust
TRENDING,MEAN_REVERTING,31,28,28,0.439,1.132,0.6929,5.2,False,ITUB4,MR_RSI_Exhaust
MEAN_REVERTING,TRENDING,29,25,37,1.451,1.023,-0.4272,13.6,True,ITUB4,MR_RSI_Exhaust
TRENDING,LOW_VOLATILITY,19,15,5,0.358,0.235,-0.1228,2.9,True,ITUB4,MR_RSI_Exhaust
LOW_VOLATILITY,TRENDING,18,3,30,,1.253,,,,ITUB4,MR_RSI_Exhaust
MEAN_REVERTING,HIGH_VOLATILITY,10,7,6,0.633,2.051,1.418,7.9,False,ITUB4,MR_RSI_Exhaust
HIGH_VOLATILITY,MEAN_REVERTING,8,3,5,,1.274,,,,ITUB4,MR_RSI_Exhaust
LOW_VOLATILITY,HIGH_VOLATILITY,7,3,6,,0.325,,,,ITUB4,MR_RSI_Exhaust
HIGH_VOLATILITY,LOW_VOLATILITY,5,3,1,,,,,,ITUB4,MR_RSI_Exhaust
MEAN_REVERTING,LOW_VOLATILITY,3,2,0,,,,,,ITUB4,MR_RSI_Exhaust
LOW_VOLATILITY,MEAN_REVERTING,2,0,0,,,,,,ITUB4,MR_RSI_Exhaust
TRENDING,HIGH_VOLATILITY,874,769,800,1.075,1.211,0.1351,7.5,False,BTC,MR_EMA_Dist
HIGH_VOLATILITY,TRENDING,865,812,664,1.183,1.147,-0.0364,6.0,False,BTC,MR_EMA_Dist
LOW_VOLATILITY,TRENDING,175,52,195,1.18,1.234,0.0537,7.5,False,BTC,MR_EMA_Dist
HIGH_VOLATILITY,LOW_VOLATILITY,168,70,36,1.82,1.106,-0.7139,3.4,True,BTC,MR_EMA_Dist
LOW_VOLATILITY,HIGH_VOLATILITY,165,27,112,0.865,1.274,0.4087,6.9,False,BTC,MR_EMA_Dist
TRENDING,LOW_VOLATILITY,165,96,44,1.952,1.083,-0.8684,4.6,True,BTC,MR_EMA_Dist
TRENDING,MEAN_REVERTING,88,77,64,0.976,0.82,-0.1559,4.4,True,BTC,MR_EMA_Dist
MEAN_REVERTING,TRENDING,87,55,83,0.791,1.05,0.259,6.8,False,BTC,MR_EMA_Dist
HIGH_VOLATILITY,MEAN_REVERTING,77,102,16,1.176,1.626,0.4495,3.1,False,BTC,MR_EMA_Dist
MEAN_REVERTING,HIGH_VOLATILITY,72,24,72,0.743,1.355,0.6126,9.4,False,BTC,MR_EMA_Dist
MEAN_REVERTING,LOW_VOLATILITY,12,5,3,4.828,,,,,BTC,MR_EMA_Dist
LOW_VOLATILITY,MEAN_REVERTING,5,4,4,,,,,,BTC,MR_EMA_Dist
HIGH_VOLATILITY,TRENDING,165,81,152,1.379,1.243,-0.1361,8.4,True,PETR4,TF_EMA_Slope
TRENDING,HIGH_VOLATILITY,163,167,79,1.104,1.38,0.2766,5.6,False,PETR4,TF_EMA_Slope
TRENDING,MEAN_REVERTING,29,49,13,1.469,2.864,1.3957,6.0,False,PETR4,TF_EMA_Slope
MEAN_REVERTING,TRENDING,28,11,43,1.582,0.948,-0.6346,11.7,True,PETR4,TF_EMA_Slope
TRENDING,LOW_VOLATILITY,17,10,3,0.857,,,,,PETR4,TF_EMA_Slope
HIGH_VOLATILITY,MEAN_REVERTING,16,11,3,4.107,,,,,PETR4,TF_EMA_Slope
MEAN_REVERTING,HIGH_VOLATILITY,16,4,9,,1.615,,,,PETR4,TF_EMA_Slope
LOW_VOLATILITY,TRENDING,16,4,31,,0.945,,,,PETR4,TF_EMA_Slope
LOW_VOLATILITY,HIGH_VOLATILITY,15,3,7,,2.143,,,,PETR4,TF_EMA_Slope
HIGH_VOLATILITY,LOW_VOLATILITY,13,3,3,,,,,,PETR4,TF_EMA_Slope
MEAN_REVERTING,LOW_VOLATILITY,2,1,1,,,,,,PETR4,TF_EMA_Slope
HIGH_VOLATILITY,TRENDING,570,340,387,0.948,1.124,0.1757,7.5,False,GOLD,TF_EMA_Slope
TRENDING,HIGH_VOLATILITY,555,381,330,1.328,1.002,-0.3262,7.1,True,GOLD,TF_EMA_Slope
TRENDING,LOW_VOLATILITY,129,62,23,0.923,1.657,0.7341,4.1,False,GOLD,TF_EMA_Slope
LOW_VOLATILITY,TRENDING,122,26,97,3.03,1.754,-1.2761,7.5,True,GOLD,TF_EMA_Slope
LOW_VOLATILITY,HIGH_VOLATILITY,74,7,28,4.739,0.52,-4.2185,4.7,True,GOLD,TF_EMA_Slope
HIGH_VOLATILITY,LOW_VOLATILITY,65,22,10,1.153,5.493,4.3402,2.6,False,GOLD,TF_EMA_Slope
TRENDING,MEAN_REVERTING,64,77,22,1.035,2.407,1.3726,4.4,False,GOLD,TF_EMA_Slope
MEAN_REVERTING,TRENDING,57,28,36,1.523,1.664,0.1415,7.1,False,GOLD,TF_EMA_Slope
MEAN_REVERTING,HIGH_VOLATILITY,45,9,35,4.26,0.72,-3.5395,8.3,True,GOLD,TF_EMA_Slope
HIGH_VOLATILITY,MEAN_REVERTING,39,31,9,0.789,0.97,0.1806,2.7,False,GOLD,TF_EMA_Slope
MEAN_REVERTING,LOW_VOLATILITY,9,0,2,,,,,,GOLD,TF_EMA_Slope
LOW_VOLATILITY,MEAN_REVERTING,7,2,3,,,,,,GOLD,TF_EMA_Slope
TRENDING,HIGH_VOLATILITY,160,138,128,0.978,1.433,0.455,7.6,False,SPY,MR_BB_Stretch
HIGH_VOLATILITY,TRENDING,160,140,129,1.652,1.11,-0.5417,7.5,True,SPY,MR_BB_Stretch
TRENDING,LOW_VOLATILITY,29,31,17,0.989,0.698,-0.2916,4.8,True,SPY,MR_BB_Stretch
LOW_VOLATILITY,TRENDING,28,23,36,0.279,0.71,0.4317,9.8,False,SPY,MR_BB_Stretch
LOW_VOLATILITY,HIGH_VOLATILITY,22,4,28,,2.037,,,,SPY,MR_BB_Stretch
HIGH_VOLATILITY,LOW_VOLATILITY,17,7,6,1.729,1.056,-0.6724,4.4,True,SPY,MR_BB_Stretch
MEAN_REVERTING,TRENDING,17,21,12,1.155,0.312,-0.8425,5.5,True,SPY,MR_BB_Stretch
TRENDING,MEAN_REVERTING,15,8,14,0.768,0.983,0.2155,6.4,False,SPY,MR_BB_Stretch
HIGH_VOLATILITY,MEAN_REVERTING,13,13,9,0.607,3.093,2.4857,2.7,False,SPY,MR_BB_Stretch
MEAN_REVERTING,HIGH_VOLATILITY,8,2,4,,,,,,SPY,MR_BB_Stretch
MEAN_REVERTING,LOW_VOLATILITY,5,2,5,,0.0,,,,SPY,MR_BB_Stretch
LOW_VOLATILITY,MEAN_REVERTING,1,1,1,,,,,,SPY,MR_BB_Stretch
